"Number of holes, nh","Web-post width, WP (mm)","Web opening diameter, Do (mm)",Ply 1 (ø),Ply 2 (ø),Ply 3 (ø),Ply 4 (ø),Ply 5 (ø),Ply 6 (ø),Ply 7 (ø),Ply 8 (ø),Critical Buckling Load (N),Critical Buckling Load (kN)
3,3.5,35,-45,0,45,90,90,45,0,-45,14693.38821,14.69338821
3,3.5,35,-45,0,90,45,45,90,0,-45,12734.07689,12.73407689
3,3.5,35,-45,45,0,90,90,0,45,-45,18627.24439,18.62724439
3,3.5,35,-45,45,90,0,0,90,45,-45,18410.56204,18.41056204
3,3.5,35,-45,90,0,45,45,0,90,-45,13059.28092,13.05928092
3,3.5,35,-45,90,45,0,0,45,90,-45,14761.02822,14.76102822
3,3.5,35,0,-45,45,90,90,45,-45,0,14134.0744,14.1340744
3,3.5,35,0,-45,90,45,45,90,-45,0,12594.883,12.594883
3,3.5,35,0,45,-45,90,90,-45,45,0,14133.7933,14.1337933
3,3.5,35,0,45,90,-45,-45,90,45,0,12594.82149,12.59482149
3,3.5,35,0,90,-45,45,45,-45,90,0,11625.95462,11.62595462
3,3.5,35,0,90,45,-45,-45,45,90,0,11626.05675,11.62605675
3,3.5,35,45,-45,0,90,90,0,-45,45,18626.90818,18.62690818
3,3.5,35,45,-45,90,0,0,90,-45,45,18410.15889,18.41015889
3,3.5,35,45,0,-45,90,90,-45,0,45,14693.02141,14.69302141
3,3.5,35,45,0,90,-45,-45,90,0,45,12733.91842,12.73391842
3,3.5,35,45,90,-45,0,0,-45,90,45,14760.86406,14.76086406
3,3.5,35,45,90,0,-45,-45,0,90,45,13059.53049,13.05953049
3,3.5,35,90,-45,0,45,45,0,-45,90,11268.87808,11.26887808
3,3.5,35,90,-45,45,0,0,45,-45,90,12181.59001,12.18159001
3,3.5,35,90,0,-45,45,45,-45,0,90,10569.11382,10.56911382
3,3.5,35,90,0,45,-45,-45,45,0,90,10569.59823,10.56959823
3,3.5,35,90,45,-45,0,0,-45,45,90,12181.63615,12.18163615
3,3.5,35,90,45,0,-45,-45,0,45,90,11269.31067,11.26931067
3,3.5,40,-45,0,45,90,90,45,0,-45,13572.2502,13.5722502
3,3.5,40,-45,0,90,45,45,90,0,-45,11776.967,11.776967
3,3.5,40,-45,45,0,90,90,0,45,-45,17283.03179,17.28303179
3,3.5,40,-45,45,90,0,0,90,45,-45,17073.98413,17.07398413
3,3.5,40,-45,90,0,45,45,0,90,-45,12123.96459,12.12396459
3,3.5,40,-45,90,45,0,0,45,90,-45,13716.56147,13.71656147
3,3.5,40,0,-45,45,90,90,45,-45,0,13104.91546,13.10491546
3,3.5,40,0,-45,90,45,45,90,-45,0,11644.29732,11.64429732
3,3.5,40,0,45,-45,90,90,-45,45,0,13104.82983,13.10482983
3,3.5,40,0,45,90,-45,-45,90,45,0,11644.42983,11.64442983
3,3.5,40,0,90,-45,45,45,-45,90,0,10740.99102,10.74099102
3,3.5,40,0,90,45,-45,-45,45,90,0,10741.10879,10.74110879
3,3.5,40,45,-45,0,90,90,0,-45,45,17282.37633,17.28237633
3,3.5,40,45,-45,90,0,0,90,-45,45,17073.83306,17.07383306
3,3.5,40,45,0,-45,90,90,-45,0,45,13571.84242,13.57184242
3,3.5,40,45,0,90,-45,-45,90,0,45,11776.85545,11.77685545
3,3.5,40,45,90,-45,0,0,-45,90,45,13716.39646,13.71639646
3,3.5,40,45,90,0,-45,-45,0,90,45,12123.44693,12.12344693
3,3.5,40,90,-45,0,45,45,0,-45,90,10477.60441,10.47760441
3,3.5,40,90,-45,45,0,0,45,-45,90,11340.89934,11.34089934
3,3.5,40,90,0,-45,45,45,-45,0,90,9730.819386,9.730819386
3,3.5,40,90,0,45,-45,-45,45,0,90,9730.812906,9.730812906
3,3.5,40,90,45,-45,0,0,-45,45,90,11340.50806,11.34050806
3,3.5,40,90,45,0,-45,-45,0,45,90,10477.1588,10.4771588
3,3.5,45,-45,0,45,90,90,45,0,-45,12098.14959,12.09814959
3,3.5,45,-45,0,90,45,45,90,0,-45,10517.95001,10.51795001
3,3.5,45,-45,45,0,90,90,0,45,-45,15457.63433,15.45763433
3,3.5,45,-45,45,90,0,0,90,45,-45,15347.04641,15.34704641
3,3.5,45,-45,90,0,45,45,0,90,-45,10900.54882,10.90054882
3,3.5,45,-45,90,45,0,0,45,90,-45,12349.29069,12.34929069
3,3.5,45,0,-45,45,90,90,45,-45,0,11665.9012,11.6659012
3,3.5,45,0,-45,90,45,45,90,-45,0,10337.16048,10.33716048
3,3.5,45,0,45,-45,90,90,-45,45,0,11665.07695,11.66507695
3,3.5,45,0,45,90,-45,-45,90,45,0,10335.55936,10.33555936
3,3.5,45,0,90,-45,45,45,-45,90,0,9597.578516,9.597578516
3,3.5,45,0,90,45,-45,-45,45,90,0,9596.93395,9.59693395
3,3.5,45,45,-45,0,90,90,0,-45,45,15457.7493,15.4577493
3,3.5,45,45,-45,90,0,0,90,-45,45,15347.05577,15.34705577
3,3.5,45,45,0,-45,90,90,-45,0,45,12097.33052,12.09733052
3,3.5,45,45,0,90,-45,-45,90,0,45,10516.31598,10.51631598
3,3.5,45,45,90,-45,0,0,-45,90,45,12348.21844,12.34821844
3,3.5,45,45,90,0,-45,-45,0,90,45,10898.65478,10.89865478
3,3.5,45,90,-45,0,45,45,0,-45,90,9455.78318,9.45578318
3,3.5,45,90,-45,45,0,0,45,-45,90,10247.09347,10.24709347
3,3.5,45,90,0,-45,45,45,-45,0,90,8708.517517,8.708517517
3,3.5,45,90,0,45,-45,-45,45,0,90,8708.174498,8.708174498
3,3.5,45,90,45,-45,0,0,-45,45,90,10246.30374,10.24630374
3,3.5,45,90,45,0,-45,-45,0,45,90,9454.491598,9.454491598
3,4,35,-45,0,45,90,90,45,0,-45,14689.16195,14.68916195
3,4,35,-45,0,90,45,45,90,0,-45,12731.9441,12.7319441
3,4,35,-45,45,0,90,90,0,45,-45,18610.73184,18.61073184
3,4,35,-45,45,90,0,0,90,45,-45,18414.44793,18.41444793
3,4,35,-45,90,0,45,45,0,90,-45,13069.98862,13.06998862
3,4,35,-45,90,45,0,0,45,90,-45,14771.23916,14.77123916
3,4,35,0,-45,45,90,90,45,-45,0,14127.72493,14.12772493
3,4,35,0,-45,90,45,45,90,-45,0,12591.46987,12.59146987
3,4,35,0,45,-45,90,90,-45,45,0,14127.28851,14.12728851
3,4,35,0,45,90,-45,-45,90,45,0,12591.11213,12.59111213
3,4,35,0,90,-45,45,45,-45,90,0,11618.31296,11.61831296
3,4,35,0,90,45,-45,-45,45,90,0,11618.25209,11.61825209
3,4,35,45,-45,0,90,90,0,-45,45,18610.87377,18.61087377
3,4,35,45,-45,90,0,0,90,-45,45,18414.02743,18.41402743
3,4,35,45,0,-45,90,90,-45,0,45,14688.28765,14.68828765
3,4,35,45,0,90,-45,-45,90,0,45,12731.45965,12.73145965
3,4,35,45,90,-45,0,0,-45,90,45,14771.00952,14.77100952
3,4,35,45,90,0,-45,-45,0,90,45,13069.67372,13.06967372
3,4,35,90,-45,0,45,45,0,-45,90,11294.0798,11.2940798
3,4,35,90,-45,45,0,0,45,-45,90,12199.78363,12.19978363
3,4,35,90,0,-45,45,45,-45,0,90,10597.2817,10.5972817
3,4,35,90,0,45,-45,-45,45,0,90,10597.1612,10.5971612
3,4,35,90,45,-45,0,0,-45,45,90,12199.81401,12.19981401
3,4,35,90,45,0,-45,-45,0,45,90,11293.96418,11.29396418
3,4,40,-45,0,45,90,90,45,0,-45,13582.53799,13.58253799
3,4,40,-45,0,90,45,45,90,0,-45,11791.03373,11.79103373
3,4,40,-45,45,0,90,90,0,45,-45,17283.45191,17.28345191
3,4,40,-45,45,90,0,0,90,45,-45,17080.44917,17.08044917
3,4,40,-45,90,0,45,45,0,90,-45,12136.32712,12.13632712
3,4,40,-45,90,45,0,0,45,90,-45,13730.50405,13.73050405
3,4,40,0,-45,45,90,90,45,-45,0,13111.51168,13.11151168
3,4,40,0,-45,90,45,45,90,-45,0,11665.89483,11.66589483
3,4,40,0,45,-45,90,90,-45,45,0,13110.45906,13.11045906
3,4,40,0,45,90,-45,-45,90,45,0,11665.07048,11.66507048
3,4,40,0,90,-45,45,45,-45,90,0,10745.24272,10.74524272
3,4,40,0,90,45,-45,-45,45,90,0,10745.1621,10.7451621
3,4,40,45,-45,0,90,90,0,-45,45,17282.51057,17.28251057
3,4,40,45,-45,90,0,0,90,-45,45,17079.80036,17.07980036
3,4,40,45,0,-45,90,90,-45,0,45,13580.82915,13.58082915
3,4,40,45,0,90,-45,-45,90,0,45,11789.94904,11.78994904
3,4,40,45,90,-45,0,0,-45,90,45,13729.67236,13.72967236
3,4,40,45,90,0,-45,-45,0,90,45,12135.45824,12.13545824
3,4,40,90,-45,0,45,45,0,-45,90,10506.88421,10.50688421
3,4,40,90,-45,45,0,0,45,-45,90,11360.24733,11.36024733
3,4,40,90,0,-45,45,45,-45,0,90,9760.697362,9.760697362
3,4,40,90,0,45,-45,-45,45,0,90,9760.72552,9.76072552
3,4,40,90,45,-45,0,0,-45,45,90,11359.81869,11.35981869
3,4,40,90,45,0,-45,-45,0,45,90,10506.59801,10.50659801
3,4,45,-45,0,45,90,90,45,0,-45,12126.0473,12.1260473
3,4,45,-45,0,90,45,45,90,0,-45,10553.9651,10.5539651
3,4,45,-45,45,0,90,90,0,45,-45,15468.89964,15.46889964
3,4,45,-45,45,90,0,0,90,45,-45,15364.3075,15.3643075
3,4,45,-45,90,0,45,45,0,90,-45,10921.22594,10.92122594
3,4,45,-45,90,45,0,0,45,90,-45,12373.07017,12.37307017
3,4,45,0,-45,45,90,90,45,-45,0,11691.813,11.691813
3,4,45,0,-45,90,45,45,90,-45,0,10384.93911,10.38493911
3,4,45,0,45,-45,90,90,-45,45,0,11691.0268,11.6910268
3,4,45,0,45,90,-45,-45,90,45,0,10383.38511,10.38338511
3,4,45,0,90,-45,45,45,-45,90,0,9637.967117,9.637967117
3,4,45,0,90,45,-45,-45,45,90,0,9637.290085,9.637290085
3,4,45,45,-45,0,90,90,0,-45,45,15469.63178,15.46963178
3,4,45,45,-45,90,0,0,90,-45,45,15364.97224,15.36497224
3,4,45,45,0,-45,90,90,-45,0,45,12125.84981,12.12584981
3,4,45,45,0,90,-45,-45,90,0,45,10553.17371,10.55317371
3,4,45,45,90,-45,0,0,-45,90,45,12373.08568,12.37308568
3,4,45,45,90,0,-45,-45,0,90,45,10920.46619,10.92046619
3,4,45,90,-45,0,45,45,0,-45,90,9487.913594,9.487913594
3,4,45,90,-45,45,0,0,45,-45,90,10272.1906,10.2721906
3,4,45,90,0,-45,45,45,-45,0,90,8740.486147,8.740486147
3,4,45,90,0,45,-45,-45,45,0,90,8740.157154,8.740157154
3,4,45,90,45,-45,0,0,-45,45,90,10271.79852,10.27179852
3,4,45,90,45,0,-45,-45,0,45,90,9486.965459,9.486965459
3,4.5,35,-45,0,45,90,90,45,0,-45,14683.72568,14.68372568
3,4.5,35,-45,0,90,45,45,90,0,-45,12728.57761,12.72857761
3,4.5,35,-45,45,0,90,90,0,45,-45,18592.95461,18.59295461
3,4.5,35,-45,45,90,0,0,90,45,-45,18419.29284,18.41929284
3,4.5,35,-45,90,0,45,45,0,90,-45,13077.64561,13.07764561
3,4.5,35,-45,90,45,0,0,45,90,-45,14779.98726,14.77998726
3,4.5,35,0,-45,45,90,90,45,-45,0,14121.09148,14.12109148
3,4.5,35,0,-45,90,45,45,90,-45,0,12587.00514,12.58700514
3,4.5,35,0,45,-45,90,90,-45,45,0,14120.68889,14.12068889
3,4.5,35,0,45,90,-45,-45,90,45,0,12586.56007,12.58656007
3,4.5,35,0,90,-45,45,45,-45,90,0,11610.45499,11.61045499
3,4.5,35,0,90,45,-45,-45,45,90,0,11610.32824,11.61032824
3,4.5,35,45,-45,0,90,90,0,-45,45,18592.77324,18.59277324
3,4.5,35,45,-45,90,0,0,90,-45,45,18418.82426,18.41882426
3,4.5,35,45,0,-45,90,90,-45,0,45,14682.94427,14.68294427
3,4.5,35,45,0,90,-45,-45,90,0,45,12727.97423,12.72797423
3,4.5,35,45,90,-45,0,0,-45,90,45,14779.52566,14.77952566
3,4.5,35,45,90,0,-45,-45,0,90,45,13076.95253,13.07695253
3,4.5,35,90,-45,0,45,45,0,-45,90,11317.18998,11.31718998
3,4.5,35,90,-45,45,0,0,45,-45,90,12215.96125,12.21596125
3,4.5,35,90,0,-45,45,45,-45,0,90,10618.87076,10.61887076
3,4.5,35,90,0,45,-45,-45,45,0,90,10618.62182,10.61862182
3,4.5,35,90,45,-45,0,0,-45,45,90,12215.61841,12.21561841
3,4.5,35,90,45,0,-45,-45,0,45,90,11316.47582,11.31647582
3,4.5,40,-45,0,45,90,90,45,0,-45,13586.58684,13.58658684
3,4.5,40,-45,0,90,45,45,90,0,-45,11798.37232,11.79837232
3,4.5,40,-45,45,0,90,90,0,45,-45,17275.5188,17.2755188
3,4.5,40,-45,45,90,0,0,90,45,-45,17081.46983,17.08146983
3,4.5,40,-45,90,0,45,45,0,90,-45,12142.55177,12.14255177
3,4.5,40,-45,90,45,0,0,45,90,-45,13739.82086,13.73982086
3,4.5,40,0,-45,45,90,90,45,-45,0,13114.76401,13.11476401
3,4.5,40,0,-45,90,45,45,90,-45,0,11680.69987,11.68069987
3,4.5,40,0,45,-45,90,90,-45,45,0,13114.90195,13.11490195
3,4.5,40,0,45,90,-45,-45,90,45,0,11680.8748,11.6808748
3,4.5,40,0,90,-45,45,45,-45,90,0,10747.08431,10.74708431
3,4.5,40,0,90,45,-45,-45,45,90,0,10746.92204,10.74692204
3,4.5,40,45,-45,0,90,90,0,-45,45,17275.40597,17.27540597
3,4.5,40,45,-45,90,0,0,90,-45,45,17081.52586,17.08152586
3,4.5,40,45,0,-45,90,90,-45,0,45,13586.74611,13.58674611
3,4.5,40,45,0,90,-45,-45,90,0,45,11798.53203,11.79853203
3,4.5,40,45,90,-45,0,0,-45,90,45,13740.04618,13.74004618
3,4.5,40,45,90,0,-45,-45,0,90,45,12142.65513,12.14265513
3,4.5,40,90,-45,0,45,45,0,-45,90,10531.32453,10.53132453
3,4.5,40,90,-45,45,0,0,45,-45,90,11376.0961,11.3760961
3,4.5,40,90,0,-45,45,45,-45,0,90,9784.25021,9.78425021
3,4.5,40,90,0,45,-45,-45,45,0,90,9784.213435,9.784213435
3,4.5,40,90,45,-45,0,0,-45,45,90,11376.24603,11.37624603
3,4.5,40,90,45,0,-45,-45,0,45,90,10531.50901,10.53150901
3,4.5,45,-45,0,45,90,90,45,0,-45,12150.75777,12.15075777
3,4.5,45,-45,0,90,45,45,90,0,-45,10585.79952,10.58579952
3,4.5,45,-45,45,0,90,90,0,45,-45,15476.21494,15.47621494
3,4.5,45,-45,45,90,0,0,90,45,-45,15377.8037,15.3778037
3,4.5,45,-45,90,0,45,45,0,90,-45,10935.17147,10.93517147
3,4.5,45,-45,90,45,0,0,45,90,-45,12391.99948,12.39199948
3,4.5,45,0,-45,45,90,90,45,-45,0,11714.17189,11.71417189
3,4.5,45,0,-45,90,45,45,90,-45,0,10428.00178,10.42800178
3,4.5,45,0,45,-45,90,90,-45,45,0,11714.44265,11.71444265
3,4.5,45,0,45,90,-45,-45,90,45,0,10428.36073,10.42836073
3,4.5,45,0,90,-45,45,45,-45,90,0,9668.223356,9.668223356
3,4.5,45,0,90,45,-45,-45,45,90,0,9668.193154,9.668193154
3,4.5,45,45,-45,0,90,90,0,-45,45,15475.71758,15.47571758
3,4.5,45,45,-45,90,0,0,90,-45,45,15377.25464,15.37725464
3,4.5,45,45,0,-45,90,90,-45,0,45,12150.73914,12.15073914
3,4.5,45,45,0,90,-45,-45,90,0,45,10585.60771,10.58560771
3,4.5,45,45,90,-45,0,0,-45,90,45,12391.23909,12.39123909
3,4.5,45,45,90,0,-45,-45,0,90,45,10934.08485,10.93408485
3,4.5,45,90,-45,0,45,45,0,-45,90,9512.814342,9.512814342
3,4.5,45,90,-45,45,0,0,45,-45,90,10291.44614,10.29144614
3,4.5,45,90,0,-45,45,45,-45,0,90,8767.871268,8.767871268
3,4.5,45,90,0,45,-45,-45,45,0,90,8767.503013,8.767503013
3,4.5,45,90,45,-45,0,0,-45,45,90,10290.88195,10.29088195
3,4.5,45,90,45,0,-45,-45,0,45,90,9511.818929,9.511818929
4,3.5,35,-45,0,45,90,90,45,0,-45,13329.49694,13.32949694
4,3.5,35,-45,0,90,45,45,90,0,-45,11623.80522,11.62380522
4,3.5,35,-45,45,0,90,90,0,45,-45,17110.11226,17.11011226
4,3.5,35,-45,45,90,0,0,90,45,-45,16950.84124,16.95084124
4,3.5,35,-45,90,0,45,45,0,90,-45,11929.02349,11.92902349
4,3.5,35,-45,90,45,0,0,45,90,-45,13580.6557,13.5806557
4,3.5,35,0,-45,45,90,90,45,-45,0,12721.72941,12.72172941
4,3.5,35,0,-45,90,45,45,90,-45,0,11316.33255,11.31633255
4,3.5,35,0,45,-45,90,90,-45,45,0,12720.85136,12.72085136
4,3.5,35,0,45,90,-45,-45,90,45,0,11315.12416,11.31512416
4,3.5,35,0,90,-45,45,45,-45,90,0,10419.36626,10.41936626
4,3.5,35,0,90,45,-45,-45,45,90,0,10419.18791,10.41918791
4,3.5,35,45,-45,0,90,90,0,-45,45,17109.98277,17.10998277
4,3.5,35,45,-45,90,0,0,90,-45,45,16951.00096,16.95100096
4,3.5,35,45,0,-45,90,90,-45,0,45,13328.91064,13.32891064
4,3.5,35,45,0,90,-45,-45,90,0,45,11623.00927,11.62300927
4,3.5,35,45,90,-45,0,0,-45,90,45,13580.97191,13.58097191
4,3.5,35,45,90,0,-45,-45,0,90,45,11929.00066,11.92900066
4,3.5,35,90,-45,0,45,45,0,-45,90,10339.70477,10.33970477
4,3.5,35,90,-45,45,0,0,45,-45,90,11301.46511,11.30146511
4,3.5,35,90,0,-45,45,45,-45,0,90,9441.154675,9.441154675
4,3.5,35,90,0,45,-45,-45,45,0,90,9441.247386,9.441247386
4,3.5,35,90,45,-45,0,0,-45,45,90,11301.51805,11.30151805
4,3.5,35,90,45,0,-45,-45,0,45,90,10339.61898,10.33961898
4,3.5,40,-45,0,45,90,90,45,0,-45,12358.30515,12.35830515
4,3.5,40,-45,0,90,45,45,90,0,-45,10797.60436,10.79760436
4,3.5,40,-45,45,0,90,90,0,45,-45,15936.14766,15.93614766
4,3.5,40,-45,45,90,0,0,90,45,-45,15842.66332,15.84266332
4,3.5,40,-45,90,0,45,45,0,90,-45,11129.72548,11.12972548
4,3.5,40,-45,90,45,0,0,45,90,-45,12658.02273,12.65802273
4,3.5,40,0,-45,45,90,90,45,-45,0,11752.11414,11.75211414
4,3.5,40,0,-45,90,45,45,90,-45,0,10446.18524,10.44618524
4,3.5,40,0,45,-45,90,90,-45,45,0,11751.28909,11.75128909
4,3.5,40,0,45,90,-45,-45,90,45,0,10444.94083,10.44494083
4,3.5,40,0,90,-45,45,45,-45,90,0,9689.517294,9.689517294
4,3.5,40,0,90,45,-45,-45,45,90,0,9689.293398,9.689293398
4,3.5,40,45,-45,0,90,90,0,-45,45,15936.8371,15.9368371
4,3.5,40,45,-45,90,0,0,90,-45,45,15842.53876,15.84253876
4,3.5,40,45,0,-45,90,90,-45,0,45,12357.98008,12.35798008
4,3.5,40,45,0,90,-45,-45,90,0,45,10796.89606,10.79689606
4,3.5,40,45,90,-45,0,0,-45,90,45,12657.82997,12.65782997
4,3.5,40,45,90,0,-45,-45,0,90,45,11129.56253,11.12956253
4,3.5,40,90,-45,0,45,45,0,-45,90,9603.921954,9.603921954
4,3.5,40,90,-45,45,0,0,45,-45,90,10500.86368,10.50086368
4,3.5,40,90,0,-45,45,45,-45,0,90,8746.857299,8.746857299
4,3.5,40,90,0,45,-45,-45,45,0,90,8746.898557,8.746898557
4,3.5,40,90,45,-45,0,0,-45,45,90,10500.92552,10.50092552
4,3.5,40,90,45,0,-45,-45,0,45,90,9604.001133,9.604001133
4,3.5,45,-45,0,45,90,90,45,0,-45,11122.55331,11.12255331
4,3.5,45,-45,0,90,45,45,90,0,-45,9724.700159,9.724700159
4,3.5,45,-45,45,0,90,90,0,45,-45,14284.20434,14.28420434
4,3.5,45,-45,45,90,0,0,90,45,-45,14270.29159,14.27029159
4,3.5,45,-45,90,0,45,45,0,90,-45,10048.5261,10.0485261
4,3.5,45,-45,90,45,0,0,45,90,-45,11417.43702,11.41743702
4,3.5,45,0,-45,45,90,90,45,-45,0,10549.03907,10.54903907
4,3.5,45,0,-45,90,45,45,90,-45,0,9372.022932,9.372022932
4,3.5,45,0,45,-45,90,90,-45,45,0,10549.11793,10.54911793
4,3.5,45,0,45,90,-45,-45,90,45,0,9371.999421,9.371999421
4,3.5,45,0,90,-45,45,45,-45,90,0,8713.176956,8.713176956
4,3.5,45,0,90,45,-45,-45,45,90,0,8713.442633,8.713442633
4,3.5,45,45,-45,0,90,90,0,-45,45,14284.05004,14.28405004
4,3.5,45,45,-45,90,0,0,90,-45,45,14269.53213,14.26953213
4,3.5,45,45,0,-45,90,90,-45,0,45,11122.68788,11.12268788
4,3.5,45,45,0,90,-45,-45,90,0,45,9724.246633,9.724246633
4,3.5,45,45,90,-45,0,0,-45,90,45,11416.80855,11.41680855
4,3.5,45,45,90,0,-45,-45,0,90,45,10047.83829,10.04783829
4,3.5,45,90,-45,0,45,45,0,-45,90,8652.129355,8.652129355
4,3.5,45,90,-45,45,0,0,45,-45,90,9442.5153,9.4425153
4,3.5,45,90,0,-45,45,45,-45,0,90,7873.232779,7.873232779
4,3.5,45,90,0,45,-45,-45,45,0,90,7873.198385,7.873198385
4,3.5,45,90,45,-45,0,0,-45,45,90,9442.288288,9.442288288
4,3.5,45,90,45,0,-45,-45,0,45,90,8651.577891,8.651577891
4,4,35,-45,0,45,90,90,45,0,-45,13357.84527,13.35784527
4,4,35,-45,0,90,45,45,90,0,-45,11655.92947,11.65592947
4,4,35,-45,45,0,90,90,0,45,-45,17102.00682,17.10200682
4,4,35,-45,45,90,0,0,90,45,-45,16943.566,16.943566
4,4,35,-45,90,0,45,45,0,90,-45,11935.72164,11.93572164
4,4,35,-45,90,45,0,0,45,90,-45,13578.91329,13.57891329
4,4,35,0,-45,45,90,90,45,-45,0,12747.22566,12.74722566
4,4,35,0,-45,90,45,45,90,-45,0,11359.07645,11.35907645
4,4,35,0,45,-45,90,90,-45,45,0,12747.28176,12.74728176
4,4,35,0,45,90,-45,-45,90,45,0,11359.48109,11.35948109
4,4,35,0,90,-45,45,45,-45,90,0,10443.72492,10.44372492
4,4,35,0,90,45,-45,-45,45,90,0,10444.03063,10.44403063
4,4,35,45,-45,0,90,90,0,-45,45,17101.46654,17.10146654
4,4,35,45,-45,90,0,0,90,-45,45,16943.17787,16.94317787
4,4,35,45,0,-45,90,90,-45,0,45,13358.36393,13.35836393
4,4,35,45,0,90,-45,-45,90,0,45,11656.02336,11.65602336
4,4,35,45,90,-45,0,0,-45,90,45,13578.72356,13.57872356
4,4,35,45,90,0,-45,-45,0,90,45,11935.78963,11.93578963
4,4,35,90,-45,0,45,45,0,-45,90,10350.80445,10.35080445
4,4,35,90,-45,45,0,0,45,-45,90,11307.21404,11.30721404
4,4,35,90,0,-45,45,45,-45,0,90,9467.084414,9.467084414
4,4,35,90,0,45,-45,-45,45,0,90,9467.576267,9.467576267
4,4,35,90,45,-45,0,0,-45,45,90,11307.1985,11.3071985
4,4,35,90,45,0,-45,-45,0,45,90,10351.08977,10.35108977
4,4,40,-45,0,45,90,90,45,0,-45,12395.73914,12.39573914
4,4,40,-45,0,90,45,45,90,0,-45,10838.73412,10.83873412
4,4,40,-45,45,0,90,90,0,45,-45,15948.66859,15.94866859
4,4,40,-45,45,90,0,0,90,45,-45,15833.19046,15.83319046
4,4,40,-45,90,0,45,45,0,90,-45,11138.59731,11.13859731
4,4,40,-45,90,45,0,0,45,90,-45,12657.41192,12.65741192
4,4,40,0,-45,45,90,90,45,-45,0,11786.91111,11.78691111
4,4,40,0,-45,90,45,45,90,-45,0,10498.26071,10.49826071
4,4,40,0,45,-45,90,90,-45,45,0,11786.31977,11.78631977
4,4,40,0,45,90,-45,-45,90,45,0,10497.62936,10.49762936
4,4,40,0,90,-45,45,45,-45,90,0,9725.770108,9.725770108
4,4,40,0,90,45,-45,-45,45,90,0,9725.363155,9.725363155
4,4,40,45,-45,0,90,90,0,-45,45,15948.61469,15.94861469
4,4,40,45,-45,90,0,0,90,-45,45,15832.89408,15.83289408
4,4,40,45,0,-45,90,90,-45,0,45,12395.97638,12.39597638
4,4,40,45,0,90,-45,-45,90,0,45,10838.66973,10.83866973
4,4,40,45,90,-45,0,0,-45,90,45,12656.78711,12.65678711
4,4,40,45,90,0,-45,-45,0,90,45,11137.92254,11.13792254
4,4,40,90,-45,0,45,45,0,-45,90,9616.213672,9.616213672
4,4,40,90,-45,45,0,0,45,-45,90,10504.53837,10.50453837
4,4,40,90,0,-45,45,45,-45,0,90,8778.011468,8.778011468
4,4,40,90,0,45,-45,-45,45,0,90,8777.837733,8.777837733
4,4,40,90,45,-45,0,0,-45,45,90,10504.12837,10.50412837
4,4,40,90,45,0,-45,-45,0,45,90,9615.896075,9.615896075
4,4,45,-45,0,45,90,90,45,0,-45,11169.09518,11.16909518
4,4,45,-45,0,90,45,45,90,0,-45,9774.213311,9.774213311
4,4,45,-45,45,0,90,90,0,45,-45,14308.78656,14.30878656
4,4,45,-45,45,90,0,0,90,45,-45,14278.70163,14.27870163
4,4,45,-45,90,0,45,45,0,90,-45,10068.99374,10.06899374
4,4,45,-45,90,45,0,0,45,90,-45,11429.2133,11.4292133
4,4,45,0,-45,45,90,90,45,-45,0,10593.58373,10.59358373
4,4,45,0,-45,90,45,45,90,-45,0,9433.885872,9.433885872
4,4,45,0,45,-45,90,90,-45,45,0,10593.0944,10.5930944
4,4,45,0,45,90,-45,-45,90,45,0,9433.4626,9.4334626
4,4,45,0,90,-45,45,45,-45,90,0,8765.848608,8.765848608
4,4,45,0,90,45,-45,-45,45,90,0,8765.685418,8.765685418
4,4,45,45,-45,0,90,90,0,-45,45,14309.24475,14.30924475
4,4,45,45,-45,90,0,0,90,-45,45,14278.87827,14.27887827
4,4,45,45,0,-45,90,90,-45,0,45,11168.80156,11.16880156
4,4,45,45,0,90,-45,-45,90,0,45,9774.235511,9.774235511
4,4,45,45,90,-45,0,0,-45,90,45,11428.8746,11.4288746
4,4,45,45,90,0,-45,-45,0,90,45,10068.70371,10.06870371
4,4,45,90,-45,0,45,45,0,-45,90,8674.296141,8.674296141
4,4,45,90,-45,45,0,0,45,-45,90,9453.532305,9.453532305
4,4,45,90,0,-45,45,45,-45,0,90,7915.325197,7.915325197
4,4,45,90,0,45,-45,-45,45,0,90,7915.057748,7.915057748
4,4,45,90,45,-45,0,0,-45,45,90,9453.115784,9.453115784
4,4,45,90,45,0,-45,-45,0,45,90,8673.719525,8.673719525
4,4.5,35,-45,0,45,90,90,45,0,-45,13391.30864,13.39130864
4,4.5,35,-45,0,90,45,45,90,0,-45,11690.89662,11.69089662
4,4.5,35,-45,45,0,90,90,0,45,-45,17089.81001,17.08981001
4,4.5,35,-45,45,90,0,0,90,45,-45,16931.68792,16.93168792
4,4.5,35,-45,90,0,45,45,0,90,-45,11942.90845,11.94290845
4,4.5,35,-45,90,45,0,0,45,90,-45,13574.40411,13.57440411
4,4.5,35,0,-45,45,90,90,45,-45,0,12777.68181,12.77768181
4,4.5,35,0,-45,90,45,45,90,-45,0,11410.2564,11.4102564
4,4.5,35,0,45,-45,90,90,-45,45,0,12776.94756,12.77694756
4,4.5,35,0,45,90,-45,-45,90,45,0,11409.54517,11.40954517
4,4.5,35,0,90,-45,45,45,-45,90,0,10471.45258,10.47145258
4,4.5,35,0,90,45,-45,-45,45,90,0,10471.53458,10.47153458
4,4.5,35,45,-45,0,90,90,0,-45,45,17089.17928,17.08917928
4,4.5,35,45,-45,90,0,0,90,-45,45,16931.25955,16.93125955
4,4.5,35,45,0,-45,90,90,-45,0,45,13390.75672,13.39075672
4,4.5,35,45,0,90,-45,-45,90,0,45,11690.36783,11.69036783
4,4.5,35,45,90,-45,0,0,-45,90,45,13573.91502,13.57391502
4,4.5,35,45,90,0,-45,-45,0,90,45,11942.34296,11.94234296
4,4.5,35,90,-45,0,45,45,0,-45,90,10363.01983,10.36301983
4,4.5,35,90,-45,45,0,0,45,-45,90,11310.90002,11.31090002
4,4.5,35,90,0,-45,45,45,-45,0,90,9498.659191,9.498659191
4,4.5,35,90,0,45,-45,-45,45,0,90,9498.576021,9.498576021
4,4.5,35,90,45,-45,0,0,-45,45,90,11310.63528,11.31063528
4,4.5,35,90,45,0,-45,-45,0,45,90,10362.57764,10.36257764
4,4.5,40,-45,0,45,90,90,45,0,-45,12436.94994,12.43694994
4,4.5,40,-45,0,90,45,45,90,0,-45,10884.69226,10.88469226
4,4.5,40,-45,45,0,90,90,0,45,-45,15955.10678,15.95510678
4,4.5,40,-45,45,90,0,0,90,45,-45,15826.14961,15.82614961
4,4.5,40,-45,90,0,45,45,0,90,-45,11152.64445,11.15264445
4,4.5,40,-45,90,45,0,0,45,90,-45,12659.88304,12.65988304
4,4.5,40,0,-45,45,90,90,45,-45,0,11825.92945,11.82592945
4,4.5,40,0,-45,90,45,45,90,-45,0,10558.81296,10.55881296
4,4.5,40,0,45,-45,90,90,-45,45,0,11825.1828,11.8251828
4,4.5,40,0,45,90,-45,-45,90,45,0,10557.29906,10.55729906
4,4.5,40,0,90,-45,45,45,-45,90,0,9767.715471,9.767715471
4,4.5,40,0,90,45,-45,-45,45,90,0,9766.868033,9.766868033
4,4.5,40,45,-45,0,90,90,0,-45,45,15955.49043,15.95549043
4,4.5,40,45,-45,90,0,0,90,-45,45,15826.65625,15.82665625
4,4.5,40,45,0,-45,90,90,-45,0,45,12436.72619,12.43672619
4,4.5,40,45,0,90,-45,-45,90,0,45,10882.68252,10.88268252
4,4.5,40,45,90,-45,0,0,-45,90,45,12659.53605,12.65953605
4,4.5,40,45,90,0,-45,-45,0,90,45,11151.88867,11.15188867
4,4.5,40,90,-45,0,45,45,0,-45,90,9633.308566,9.633308566
4,4.5,40,90,-45,45,0,0,45,-45,90,10510.33617,10.51033617
4,4.5,40,90,0,-45,45,45,-45,0,90,8817.564516,8.817564516
4,4.5,40,90,0,45,-45,-45,45,0,90,8817.403985,8.817403985
4,4.5,40,90,45,-45,0,0,-45,45,90,10509.68567,10.50968567
4,4.5,40,90,45,0,-45,-45,0,45,90,9632.785799,9.632785799
4,4.5,45,-45,0,45,90,90,45,0,-45,11221.70685,11.22170685
4,4.5,45,-45,0,90,45,45,90,0,-45,9829.167659,9.829167659
4,4.5,45,-45,45,0,90,90,0,45,-45,14328.96354,14.32896354
4,4.5,45,-45,45,90,0,0,90,45,-45,14281.27663,14.28127663
4,4.5,45,-45,90,0,45,45,0,90,-45,10091.14091,10.09114091
4,4.5,45,-45,90,45,0,0,45,90,-45,11440.03516,11.44003516
4,4.5,45,0,-45,45,90,90,45,-45,0,10644.37589,10.64437589
4,4.5,45,0,-45,90,45,45,90,-45,0,9504.923597,9.504923597
4,4.5,45,0,45,-45,90,90,-45,45,0,10642.70263,10.64270263
4,4.5,45,0,45,90,-45,-45,90,45,0,9502.325825,9.502325825
4,4.5,45,0,90,-45,45,45,-45,90,0,8824.241773,8.824241773
4,4.5,45,0,90,45,-45,-45,45,90,0,8823.527932,8.823527932
4,4.5,45,45,-45,0,90,90,0,-45,45,14329.46554,14.32946554
4,4.5,45,45,-45,90,0,0,90,-45,45,14281.91618,14.28191618
4,4.5,45,45,0,-45,90,90,-45,0,45,11220.48984,11.22048984
4,4.5,45,45,0,90,-45,-45,90,0,45,9827.299063,9.827299063
4,4.5,45,45,90,-45,0,0,-45,90,45,11440.14713,11.44014713
4,4.5,45,45,90,0,-45,-45,0,90,45,10090.37683,10.09037683
4,4.5,45,90,-45,0,45,45,0,-45,90,8700.525471,8.700525471
4,4.5,45,90,-45,45,0,0,45,-45,90,9464.808521,9.464808521
4,4.5,45,90,0,-45,45,45,-45,0,90,7966.913221,7.966913221
4,4.5,45,90,0,45,-45,-45,45,0,90,7966.496659,7.966496659
4,4.5,45,90,45,-45,0,0,-45,45,90,9464.602559,9.464602559
4,4.5,45,90,45,0,-45,-45,0,45,90,8699.918891,8.699918891
5,3.5,35,-45,0,45,90,90,45,0,-45,12885.92883,12.88592883
5,3.5,35,-45,0,90,45,45,90,0,-45,11241.36637,11.24136637
5,3.5,35,-45,45,0,90,90,0,45,-45,16581.54191,16.58154191
5,3.5,35,-45,45,90,0,0,90,45,-45,16490.70005,16.49070005
5,3.5,35,-45,90,0,45,45,0,90,-45,11601.35546,11.60135546
5,3.5,35,-45,90,45,0,0,45,90,-45,13206.95623,13.20695623
5,3.5,35,0,-45,45,90,90,45,-45,0,12191.54053,12.19154053
5,3.5,35,0,-45,90,45,45,90,-45,0,10858.23653,10.85823653
5,3.5,35,0,45,-45,90,90,-45,45,0,12192.03007,12.19203007
5,3.5,35,0,45,90,-45,-45,90,45,0,10859.71997,10.85971997
5,3.5,35,0,90,-45,45,45,-45,90,0,9970.529622,9.970529622
5,3.5,35,0,90,45,-45,-45,45,90,0,9970.473621,9.970473621
5,3.5,35,45,-45,0,90,90,0,-45,45,16581.27681,16.58127681
5,3.5,35,45,-45,90,0,0,90,-45,45,16490.3245,16.4903245
5,3.5,35,45,0,-45,90,90,-45,0,45,12886.23857,12.88623857
5,3.5,35,45,0,90,-45,-45,90,0,45,11241.68317,11.24168317
5,3.5,35,45,90,-45,0,0,-45,90,45,13206.21294,13.20621294
5,3.5,35,45,90,0,-45,-45,0,90,45,11600.16447,11.60016447
5,3.5,35,90,-45,0,45,45,0,-45,90,10000.60257,10.00060257
5,3.5,35,90,-45,45,0,0,45,-45,90,10927.90759,10.92790759
5,3.5,35,90,0,-45,45,45,-45,0,90,9054.206614,9.054206614
5,3.5,35,90,0,45,-45,-45,45,0,90,9054.297304,9.054297304
5,3.5,35,90,45,-45,0,0,-45,45,90,10927.84776,10.92784776
5,3.5,35,90,45,0,-45,-45,0,45,90,10000.28784,10.00028784
5,3.5,40,-45,0,45,90,90,45,0,-45,11677.18363,11.67718363
5,3.5,40,-45,0,90,45,45,90,0,-45,10194.32509,10.19432509
5,3.5,40,-45,45,0,90,90,0,45,-45,14938.93412,14.93893412
5,3.5,40,-45,45,90,0,0,90,45,-45,14891.5593,14.8915593
5,3.5,40,-45,90,0,45,45,0,90,-45,10497.93796,10.49793796
5,3.5,40,-45,90,45,0,0,45,90,-45,11953.08164,11.95308164
5,3.5,40,0,-45,45,90,90,45,-45,0,10992.07176,10.99207176
5,3.5,40,0,-45,90,45,45,90,-45,0,9786.26117,9.78626117
5,3.5,40,0,45,-45,90,90,-45,45,0,10991.60692,10.99160692
5,3.5,40,0,45,90,-45,-45,90,45,0,9784.268575,9.784268575
5,3.5,40,0,90,-45,45,45,-45,90,0,8994.038139,8.994038139
5,3.5,40,0,90,45,-45,-45,45,90,0,8992.570986,8.992570986
5,3.5,40,45,-45,0,90,90,0,-45,45,14940.41284,14.94041284
5,3.5,40,45,-45,90,0,0,90,-45,45,14892.2106,14.8922106
5,3.5,40,45,0,-45,90,90,-45,0,45,11678.84507,11.67884507
5,3.5,40,45,0,90,-45,-45,90,0,45,10194.35381,10.19435381
5,3.5,40,45,90,-45,0,0,-45,90,45,11952.38153,11.95238153
5,3.5,40,45,90,0,-45,-45,0,90,45,10496.06908,10.49606908
5,3.5,40,90,-45,0,45,45,0,-45,90,9057.748605,9.057748605
5,3.5,40,90,-45,45,0,0,45,-45,90,9902.841637,9.902841637
5,3.5,40,90,0,-45,45,45,-45,0,90,8142.671394,8.142671394
5,3.5,40,90,0,45,-45,-45,45,0,90,8141.839704,8.141839704
5,3.5,40,90,45,-45,0,0,-45,45,90,9901.850804,9.901850804
5,3.5,40,90,45,0,-45,-45,0,45,90,9055.742443,9.055742443
5,3.5,45,-45,0,45,90,90,45,0,-45,10493.50252,10.49350252
5,3.5,45,-45,0,90,45,45,90,0,-45,9221.797947,9.221797947
5,3.5,45,-45,45,0,90,90,0,45,-45,13236.14869,13.23614869
5,3.5,45,-45,45,90,0,0,90,45,-45,13112.73083,13.11273083
5,3.5,45,-45,90,0,45,45,0,90,-45,9289.392549,9.289392549
5,3.5,45,-45,90,45,0,0,45,90,-45,10541.95333,10.54195333
5,3.5,45,0,-45,45,90,90,45,-45,0,9739.20767,9.73920767
5,3.5,45,0,-45,90,45,45,90,-45,0,8750.864848,8.750864848
5,3.5,45,0,45,-45,90,90,-45,45,0,9738.011272,9.738011272
5,3.5,45,0,45,90,-45,-45,90,45,0,8748.48974,8.74848974
5,3.5,45,0,90,-45,45,45,-45,90,0,8098.513028,8.098513028
5,3.5,45,0,90,45,-45,-45,45,90,0,8097.719709,8.097719709
5,3.5,45,45,-45,0,90,90,0,-45,45,13235.532,13.235532
5,3.5,45,45,-45,90,0,0,90,-45,45,13112.50742,13.11250742
5,3.5,45,45,0,-45,90,90,-45,0,45,10492.75963,10.49275963
5,3.5,45,45,0,90,-45,-45,90,0,45,9219.940153,9.219940153
5,3.5,45,45,90,-45,0,0,-45,90,45,10541.36722,10.54136722
5,3.5,45,45,90,0,-45,-45,0,90,45,9288.053462,9.288053462
5,3.5,45,90,-45,0,45,45,0,-45,90,8007.456734,8.007456734
5,3.5,45,90,-45,45,0,0,45,-45,90,8762.574343,8.762574343
5,3.5,45,90,0,-45,45,45,-45,0,90,7202.810285,7.202810285
5,3.5,45,90,0,45,-45,-45,45,0,90,7202.463426,7.202463426
5,3.5,45,90,45,-45,0,0,-45,45,90,8761.981029,8.761981029
5,3.5,45,90,45,0,-45,-45,0,45,90,8006.421633,8.006421633
5,4,35,-45,0,45,90,90,45,0,-45,14113.66523,14.11366523
5,4,35,-45,0,90,45,45,90,0,-45,12270.89428,12.27089428
5,4,35,-45,45,0,90,90,0,45,-45,17945.81978,17.94581978
5,4,35,-45,45,90,0,0,90,45,-45,17822.07344,17.82207344
5,4,35,-45,90,0,45,45,0,90,-45,12585.47771,12.58547771
5,4,35,-45,90,45,0,0,45,90,-45,14305.82246,14.30582246
5,4,35,0,-45,45,90,90,45,-45,0,13444.67616,13.44467616
5,4,35,0,-45,90,45,45,90,-45,0,12014.36777,12.01436777
5,4,35,0,45,-45,90,90,-45,45,0,13443.25855,13.44325855
5,4,35,0,45,90,-45,-45,90,45,0,12011.98875,12.01198875
5,4,35,0,90,-45,45,45,-45,90,0,10922.2345,10.9222345
5,4,35,0,90,45,-45,-45,45,90,0,10921.30312,10.92130312
5,4,35,45,-45,0,90,90,0,-45,45,17945.49889,17.94549889
5,4,35,45,-45,90,0,0,90,-45,45,17822.12223,17.82212223
5,4,35,45,0,-45,90,90,-45,0,45,14113.26694,14.11326694
5,4,35,45,0,90,-45,-45,90,0,45,12269.23976,12.26923976
5,4,35,45,90,-45,0,0,-45,90,45,14305.49132,14.30549132
5,4,35,45,90,0,-45,-45,0,90,45,12584.67552,12.58467552
5,4,35,90,-45,0,45,45,0,-45,90,10908.40107,10.90840107
5,4,35,90,-45,45,0,0,45,-45,90,11916.53429,11.91653429
5,4,35,90,0,-45,45,45,-45,0,90,9997.987204,9.997987204
5,4,35,90,0,45,-45,-45,45,0,90,9997.681868,9.997681868
5,4,35,90,45,-45,0,0,-45,45,90,11915.88834,11.91588834
5,4,35,90,45,0,-45,-45,0,45,90,10907.52459,10.90752459
5,4,40,-45,0,45,90,90,45,0,-45,11754.93254,11.75493254
5,4,40,-45,0,90,45,45,90,0,-45,10264.94056,10.26494056
5,4,40,-45,45,0,90,90,0,45,-45,14967.85647,14.96785647
5,4,40,-45,45,90,0,0,90,45,-45,14906.59114,14.90659114
5,4,40,-45,90,0,45,45,0,90,-45,10534.46145,10.53446145
5,4,40,-45,90,45,0,0,45,90,-45,11980.85412,11.98085412
5,4,40,0,-45,45,90,90,45,-45,0,11067.68012,11.06768012
5,4,40,0,-45,90,45,45,90,-45,0,9887.033951,9.887033951
5,4,40,0,45,-45,90,90,-45,45,0,11066.33001,11.06633001
5,4,40,0,45,90,-45,-45,90,45,0,9884.598108,9.884598108
5,4,40,0,90,-45,45,45,-45,90,0,9061.999146,9.061999146
5,4,40,0,90,45,-45,-45,45,90,0,9061.010257,9.061010257
5,4,40,45,-45,0,90,90,0,-45,45,14967.83394,14.96783394
5,4,40,45,-45,90,0,0,90,-45,45,14906.50999,14.90650999
5,4,40,45,0,-45,90,90,-45,0,45,11754.70945,11.75470945
5,4,40,45,0,90,-45,-45,90,0,45,10263.75766,10.26375766
5,4,40,45,90,-45,0,0,-45,90,45,11980.22166,11.98022166
5,4,40,45,90,0,-45,-45,0,90,45,10533.2126,10.5332126
5,4,40,90,-45,0,45,45,0,-45,90,9110.623067,9.110623067
5,4,40,90,-45,45,0,0,45,-45,90,9946.354596,9.946354596
5,4,40,90,0,-45,45,45,-45,0,90,8215.26755,8.21526755
5,4,40,90,0,45,-45,-45,45,0,90,8214.6241,8.2146241
5,4,40,90,45,-45,0,0,-45,45,90,9945.844348,9.945844348
5,4,40,90,45,0,-45,-45,0,45,90,9109.612516,9.109612516
5,4,45,-45,0,45,90,90,45,0,-45,10589.25855,10.58925855
5,4,45,-45,0,90,45,45,90,0,-45,9279.025129,9.279025129
5,4,45,-45,45,0,90,90,0,45,-45,13269.23963,13.26923963
5,4,45,-45,45,90,0,0,90,45,-45,13136.66799,13.13666799
5,4,45,-45,90,0,45,45,0,90,-45,9329.460127,9.329460127
5,4,45,-45,90,45,0,0,45,90,-45,10577.53406,10.57753406
5,4,45,0,-45,45,90,90,45,-45,0,9808.121356,9.808121356
5,4,45,0,-45,90,45,45,90,-45,0,8863.267362,8.863267362
5,4,45,0,45,-45,90,90,-45,45,0,9806.666889,9.806666889
5,4,45,0,45,90,-45,-45,90,45,0,8860.461878,8.860461878
5,4,45,0,90,-45,45,45,-45,90,0,8170.371067,8.170371067
5,4,45,0,90,45,-45,-45,45,90,0,8169.525566,8.169525566
5,4,45,45,-45,0,90,90,0,-45,45,13268.87279,13.26887279
5,4,45,45,-45,90,0,0,90,-45,45,13136.23779,13.13623779
5,4,45,45,0,-45,90,90,-45,0,45,10588.59769,10.58859769
5,4,45,45,0,90,-45,-45,90,0,45,9277.868934,9.277868934
5,4,45,45,90,-45,0,0,-45,90,45,10576.92032,10.57692032
5,4,45,45,90,0,-45,-45,0,90,45,9328.408524,9.328408524
5,4,45,90,-45,0,45,45,0,-45,90,8064.048443,8.064048443
5,4,45,90,-45,45,0,0,45,-45,90,8815.887894,8.815887894
5,4,45,90,0,-45,45,45,-45,0,90,7268.05565,7.26805565
5,4,45,90,0,45,-45,-45,45,0,90,7267.582898,7.267582898
5,4,45,90,45,-45,0,0,-45,45,90,8815.402453,8.815402453
5,4,45,90,45,0,-45,-45,0,45,90,8063.060361,8.063060361
5,4.5,35,-45,0,45,90,90,45,0,-45,13002.79605,13.00279605
5,4.5,35,-45,0,90,45,45,90,0,-45,11345.56038,11.34556038
5,4.5,35,-45,45,0,90,90,0,45,-45,16599.08839,16.59908839
5,4.5,35,-45,45,90,0,0,90,45,-45,16499.46718,16.49946718
5,4.5,35,-45,90,0,45,45,0,90,-45,11664.60418,11.66460418
5,4.5,35,-45,90,45,0,0,45,90,-45,13246.85811,13.24685811
5,4.5,35,0,-45,45,90,90,45,-45,0,12312.46612,12.31246612
5,4.5,35,0,-45,90,45,45,90,-45,0,11024.21183,11.02421183
5,4.5,35,0,45,-45,90,90,-45,45,0,12311.28302,12.31128302
5,4.5,35,0,45,90,-45,-45,90,45,0,11022.35443,11.02235443
5,4.5,35,0,90,-45,45,45,-45,90,0,10074.01666,10.07401666
5,4.5,35,0,90,45,-45,-45,45,90,0,10073.17787,10.07317787
5,4.5,35,45,-45,0,90,90,0,-45,45,16598.74134,16.59874134
5,4.5,35,45,-45,90,0,0,90,-45,45,16499.21373,16.49921373
5,4.5,35,45,0,-45,90,90,-45,0,45,13001.65325,13.00165325
5,4.5,35,45,0,90,-45,-45,90,0,45,11343.60833,11.34360833
5,4.5,35,45,90,-45,0,0,-45,90,45,13245.8601,13.2458601
5,4.5,35,45,90,0,-45,-45,0,90,45,11662.82971,11.66282971
5,4.5,35,90,-45,0,45,45,0,-45,90,10084.50082,10.08450082
5,4.5,35,90,-45,45,0,0,45,-45,90,10978.42405,10.97842405
5,4.5,35,90,0,-45,45,45,-45,0,90,9193.341954,9.193341954
5,4.5,35,90,0,45,-45,-45,45,0,90,9192.897009,9.192897009
5,4.5,35,90,45,-45,0,0,-45,45,90,10977.7058,10.9777058
5,4.5,35,90,45,0,-45,-45,0,45,90,10083.19073,10.08319073
5,4.5,40,-45,0,45,90,90,45,0,-45,11824.91212,11.82491212
5,4.5,40,-45,0,90,45,45,90,0,-45,10322.32122,10.32232122
5,4.5,40,-45,45,0,90,90,0,45,-45,14991.63055,14.99163055
5,4.5,40,-45,45,90,0,0,90,45,-45,14921.81694,14.92181694
5,4.5,40,-45,90,0,45,45,0,90,-45,10571.54894,10.57154894
5,4.5,40,-45,90,45,0,0,45,90,-45,12010.33696,12.01033696
5,4.5,40,0,-45,45,90,90,45,-45,0,11138.70207,11.13870207
5,4.5,40,0,-45,90,45,45,90,-45,0,9974.563496,9.974563496
5,4.5,40,0,45,-45,90,90,-45,45,0,11137.594,11.137594
5,4.5,40,0,45,90,-45,-45,90,45,0,9972.590453,9.972590453
5,4.5,40,0,90,-45,45,45,-45,90,0,9119.200944,9.119200944
5,4.5,40,0,90,45,-45,-45,45,90,0,9117.92689,9.11792689
5,4.5,40,45,-45,0,90,90,0,-45,45,14992.10133,14.99210133
5,4.5,40,45,-45,90,0,0,90,-45,45,14922.21456,14.92221456
5,4.5,40,45,0,-45,90,90,-45,0,45,11824.99866,11.82499866
5,4.5,40,45,0,90,-45,-45,90,0,45,10321.46344,10.32146344
5,4.5,40,45,90,-45,0,0,-45,90,45,12009.25474,12.00925474
5,4.5,40,45,90,0,-45,-45,0,90,45,10568.64993,10.56864993
5,4.5,40,90,-45,0,45,45,0,-45,90,9164.762398,9.164762398
5,4.5,40,90,-45,45,0,0,45,-45,90,9991.132717,9.991132717
5,4.5,40,90,0,-45,45,45,-45,0,90,8287.046673,8.287046673
5,4.5,40,90,0,45,-45,-45,45,0,90,8285.518034,8.285518034
5,4.5,40,90,45,-45,0,0,-45,45,90,9990.100435,9.990100435
5,4.5,40,90,45,0,-45,-45,0,45,90,9161.854105,9.161854105
5,4.5,45,-45,0,45,90,90,45,0,-45,10680.26686,10.68026686
5,4.5,45,-45,0,90,45,45,90,0,-45,9314.726894,9.314726894
5,4.5,45,-45,45,0,90,90,0,45,-45,13292.54012,13.29254012
5,4.5,45,-45,45,90,0,0,90,45,-45,13156.55482,13.15655482
5,4.5,45,-45,90,0,45,45,0,90,-45,9367.471973,9.367471973
5,4.5,45,-45,90,45,0,0,45,90,-45,10610.65183,10.61065183
5,4.5,45,0,-45,45,90,90,45,-45,0,9874.530482,9.874530482
5,4.5,45,0,-45,90,45,45,90,-45,0,8971.955253,8.971955253
5,4.5,45,0,45,-45,90,90,-45,45,0,9872.73973,9.87273973
5,4.5,45,0,45,90,-45,-45,90,45,0,8969.022536,8.969022536
5,4.5,45,0,90,-45,45,45,-45,90,0,8226.192381,8.226192381
5,4.5,45,0,90,45,-45,-45,45,90,0,8225.670686,8.225670686
5,4.5,45,45,-45,0,90,90,0,-45,45,13292.37659,13.29237659
5,4.5,45,45,-45,90,0,0,90,-45,45,13156.29078,13.15629078
5,4.5,45,45,0,-45,90,90,-45,0,45,10679.00354,10.67900354
5,4.5,45,45,0,90,-45,-45,90,0,45,9314.073164,9.314073164
5,4.5,45,45,90,-45,0,0,-45,90,45,10609.77013,10.60977013
5,4.5,45,45,90,0,-45,-45,0,90,45,9366.213544,9.366213544
5,4.5,45,90,-45,0,45,45,0,-45,90,8117.596973,8.117596973
5,4.5,45,90,-45,45,0,0,45,-45,90,8866.443091,8.866443091
5,4.5,45,90,0,-45,45,45,-45,0,90,7329.215809,7.329215809
5,4.5,45,90,0,45,-45,-45,45,0,90,7328.822718,7.328822718
5,4.5,45,90,45,-45,0,0,-45,45,90,8865.757173,8.865757173
5,4.5,45,90,45,0,-45,-45,0,45,90,8116.496949,8.116496949
3,3.5,35,0,30,60,90,90,60,30,0,10269.61437,10.26961437
3,3.5,35,0,30,90,60,60,90,30,0,11108.98206,11.10898206
3,3.5,35,0,60,30,90,90,30,60,0,10020.3236,10.0203236
3,3.5,35,0,60,90,30,30,90,60,0,10543.33955,10.54333955
3,3.5,35,0,90,30,60,60,30,90,0,10638.55503,10.63855503
3,3.5,35,0,90,60,30,30,60,90,0,10493.74881,10.49374881
3,3.5,35,30,0,60,90,90,60,0,30,10320.01484,10.32001484
3,3.5,35,30,0,90,60,60,90,0,30,11705.65958,11.70565958
3,3.5,35,30,60,0,90,90,0,60,30,9586.708395,9.586708395
3,3.5,35,30,60,90,0,0,90,60,30,10448.75777,10.44875777
3,3.5,35,30,90,0,60,60,0,90,30,12341.89097,12.34189097
3,3.5,35,30,90,60,0,0,60,90,30,11956.51017,11.95651017
3,3.5,35,60,0,30,90,90,30,0,60,9043.630767,9.043630767
3,3.5,35,60,0,90,30,30,90,0,60,9663.850009,9.663850009
3,3.5,35,60,30,0,90,90,0,30,60,8571.799642,8.571799642
3,3.5,35,60,30,90,0,0,90,30,60,9037.875509,9.037875509
3,3.5,35,60,90,0,30,30,0,90,60,9226.574663,9.226574663
3,3.5,35,60,90,30,0,0,30,90,60,8843.627576,8.843627576
3,3.5,35,90,0,30,60,60,30,0,90,9787.944095,9.787944095
3,3.5,35,90,0,60,30,30,60,0,90,9398.661952,9.398661952
3,3.5,35,90,30,0,60,60,0,30,90,10512.62946,10.51262946
3,3.5,35,90,30,60,0,0,60,30,90,10109.47083,10.10947083
3,3.5,35,90,60,0,30,30,0,60,90,8819.52434,8.81952434
3,3.5,35,90,60,30,0,0,30,60,90,8732.487029,8.732487029
3,3.5,40,0,30,60,90,90,60,30,0,9548.606628,9.548606628
3,3.5,40,0,30,90,60,60,90,30,0,10393.0827,10.3930827
3,3.5,40,0,60,30,90,90,30,60,0,9239.227333,9.239227333
3,3.5,40,0,60,90,30,30,90,60,0,9764.488937,9.764488937
3,3.5,40,0,90,30,60,60,30,90,0,9878.652788,9.878652788
3,3.5,40,0,90,60,30,30,60,90,0,9704.70113,9.70470113
3,3.5,40,30,0,60,90,90,60,0,30,9637.859736,9.637859736
3,3.5,40,30,0,90,60,60,90,0,30,10989.2583,10.9892583
3,3.5,40,30,60,0,90,90,0,60,30,8945.736922,8.945736922
3,3.5,40,30,60,90,0,0,90,60,30,9710.245376,9.710245376
3,3.5,40,30,90,0,60,60,0,90,30,11505.92092,11.50592092
3,3.5,40,30,90,60,0,0,60,90,30,11116.77326,11.11677326
3,3.5,40,60,0,30,90,90,30,0,60,8339.708788,8.339708788
3,3.5,40,60,0,90,30,30,90,0,60,8908.386636,8.908386636
3,3.5,40,60,30,0,90,90,0,30,60,7928.427949,7.928427949
3,3.5,40,60,30,90,0,0,90,30,60,8350.0667,8.3500667
3,3.5,40,60,90,0,30,30,0,90,60,8585.57909,8.58557909
3,3.5,40,60,90,30,0,0,30,90,60,8225.592171,8.225592171
3,3.5,40,90,0,30,60,60,30,0,90,9053.78126,9.05378126
3,3.5,40,90,0,60,30,30,60,0,90,8699.06705,8.69906705
3,3.5,40,90,30,0,60,60,0,30,90,9819.775868,9.819775868
3,3.5,40,90,30,60,0,0,60,30,90,9435.548218,9.435548218
3,3.5,40,90,60,0,30,30,0,60,90,8192.240716,8.192240716
3,3.5,40,90,60,30,0,0,30,60,90,8085.52656,8.08552656
3,3.5,45,0,30,60,90,90,60,30,0,8626.297844,8.626297844
3,3.5,45,0,30,90,60,60,90,30,0,9401.910823,9.401910823
3,3.5,45,0,60,30,90,90,30,60,0,8278.863609,8.278863609
3,3.5,45,0,60,90,30,30,90,60,0,8780.914491,8.780914491
3,3.5,45,0,90,30,60,60,30,90,0,8929.029652,8.929029652
3,3.5,45,0,90,60,30,30,60,90,0,8758.416672,8.758416672
3,3.5,45,30,0,60,90,90,60,0,30,8760.157844,8.760157844
3,3.5,45,30,0,90,60,60,90,0,30,10036.28621,10.03628621
3,3.5,45,30,60,0,90,90,0,60,30,8159.926488,8.159926488
3,3.5,45,30,60,90,0,0,90,60,30,8834.036152,8.834036152
3,3.5,45,30,90,0,60,60,0,90,30,10488.29282,10.48829282
3,3.5,45,30,90,60,0,0,60,90,30,10084.2785,10.0842785
3,3.5,45,60,0,30,90,90,30,0,60,7502.596212,7.502596212
3,3.5,45,60,0,90,30,30,90,0,60,8027.33281,8.02733281
3,3.5,45,60,30,0,90,90,0,30,60,7180.169535,7.180169535
3,3.5,45,60,30,90,0,0,90,30,60,7521.919077,7.521919077
3,3.5,45,60,90,0,30,30,0,90,60,7734.905687,7.734905687
3,3.5,45,60,90,30,0,0,30,90,60,7452.300204,7.452300204
3,3.5,45,90,0,30,60,60,30,0,90,8153.026082,8.153026082
3,3.5,45,90,0,60,30,30,60,0,90,7826.912556,7.826912556
3,3.5,45,90,30,0,60,60,0,30,90,8898.174442,8.898174442
3,3.5,45,90,30,60,0,0,60,30,90,8556.08944,8.55608944
3,3.5,45,90,60,0,30,30,0,60,90,7394.743539,7.394743539
3,3.5,45,90,60,30,0,0,30,60,90,7317.588875,7.317588875
3,4,35,0,30,60,90,90,60,30,0,10263.65202,10.26365202
3,4,35,0,30,90,60,60,90,30,0,11094.1376,11.0941376
3,4,35,0,60,30,90,90,30,60,0,10021.54342,10.02154342
3,4,35,0,60,90,30,30,90,60,0,10530.01468,10.53001468
3,4,35,0,90,30,60,60,30,90,0,10623.58965,10.62358965
3,4,35,0,90,60,30,30,60,90,0,10479.90007,10.47990007
3,4,35,30,0,60,90,90,60,0,30,10308.22633,10.30822633
3,4,35,30,0,90,60,60,90,0,30,11684.49519,11.68449519
3,4,35,30,60,0,90,90,0,60,30,9569.960672,9.569960672
3,4,35,30,60,90,0,0,90,60,30,10424.66782,10.42466782
3,4,35,30,90,0,60,60,0,90,30,12322.27744,12.32227744
3,4,35,30,90,60,0,0,60,90,30,11944.40673,11.94440673
3,4,35,60,0,30,90,90,30,0,60,9034.17847,9.03417847
3,4,35,60,0,90,30,30,90,0,60,9656.402923,9.656402923
3,4,35,60,30,0,90,90,0,30,60,8562.189426,8.562189426
3,4,35,60,30,90,0,0,90,30,60,9026.233208,9.026233208
3,4,35,60,90,0,30,30,0,90,60,9232.865781,9.232865781
3,4,35,60,90,30,0,0,30,90,60,8832.073481,8.832073481
3,4,35,90,0,30,60,60,30,0,90,9805.681455,9.805681455
3,4,35,90,0,60,30,30,60,0,90,9417.915765,9.417915765
3,4,35,90,30,0,60,60,0,30,90,10524.60554,10.52460554
3,4,35,90,30,60,0,0,60,30,90,10107.97592,10.10797592
3,4,35,90,60,0,30,30,0,60,90,8826.306887,8.826306887
3,4,35,90,60,30,0,0,30,60,90,8717.542129,8.717542129
3,4,40,0,30,60,90,90,60,30,0,9548.098577,9.548098577
3,4,40,0,30,90,60,60,90,30,0,10385.08051,10.38508051
3,4,40,0,60,30,90,90,30,60,0,9255.179743,9.255179743
3,4,40,0,60,90,30,30,90,60,0,9761.693187,9.761693187
3,4,40,0,90,30,60,60,30,90,0,9869.016577,9.869016577
3,4,40,0,90,60,30,30,60,90,0,9695.463812,9.695463812
3,4,40,30,0,60,90,90,60,0,30,9628.109913,9.628109913
3,4,40,30,0,90,60,60,90,0,30,10966.56284,10.96656284
3,4,40,30,60,0,90,90,0,60,30,8928.416375,8.928416375
3,4,40,30,60,90,0,0,90,60,30,9680.449285,9.680449285
3,4,40,30,90,0,60,60,0,90,30,11478.95818,11.47895818
3,4,40,30,90,60,0,0,60,90,30,11085.07955,11.08507955
3,4,40,60,0,30,90,90,30,0,60,8334.653768,8.334653768
3,4,40,60,0,90,30,30,90,0,60,8898.45969,8.89845969
3,4,40,60,30,0,90,90,0,30,60,7915.895167,7.915895167
3,4,40,60,30,90,0,0,90,30,60,8324.636028,8.324636028
3,4,40,60,90,0,30,30,0,90,60,8572.694895,8.572694895
3,4,40,60,90,30,0,0,30,90,60,8202.586435,8.202586435
3,4,40,90,0,30,60,60,30,0,90,9065.982376,9.065982376
3,4,40,90,0,60,30,30,60,0,90,8713.474657,8.713474657
3,4,40,90,30,0,60,60,0,30,90,9823.5997,9.8235997
3,4,40,90,30,60,0,0,60,30,90,9419.173384,9.419173384
3,4,40,90,60,0,30,30,0,60,90,8183.191401,8.183191401
3,4,40,90,60,30,0,0,30,60,90,8061.77459,8.06177459
3,4,45,0,30,60,90,90,60,30,0,8640.168699,8.640168699
3,4,45,0,30,90,60,60,90,30,0,9416.814879,9.416814879
3,4,45,0,60,30,90,90,30,60,0,8315.126918,8.315126918
3,4,45,0,60,90,30,30,90,60,0,8809.287538,8.809287538
3,4,45,0,90,30,60,60,30,90,0,8947.22002,8.94722002
3,4,45,0,90,60,30,30,60,90,0,8770.874203,8.770874203
3,4,45,30,0,60,90,90,60,0,30,8763.725439,8.763725439
3,4,45,30,0,90,60,60,90,0,30,10029.89346,10.02989346
3,4,45,30,60,0,90,90,0,60,30,8155.905971,8.155905971
3,4,45,30,60,90,0,0,90,60,30,8808.588765,8.808588765
3,4,45,30,90,0,60,60,0,90,30,10460.87256,10.46087256
3,4,45,30,90,60,0,0,60,90,30,10053.60286,10.05360286
3,4,45,60,0,30,90,90,30,0,60,7521.24655,7.52124655
3,4,45,60,0,90,30,30,90,0,60,8029.504783,8.029504783
3,4,45,60,30,0,90,90,0,30,60,7176.840466,7.176840466
3,4,45,60,30,90,0,0,90,30,60,7498.209394,7.498209394
3,4,45,60,90,0,30,30,0,90,60,7715.956523,7.715956523
3,4,45,60,90,30,0,0,30,90,60,7428.740798,7.428740798
3,4,45,90,0,30,60,60,30,0,90,8158.258455,8.158258455
3,4,45,90,0,60,30,30,60,0,90,7831.223673,7.831223673
3,4,45,90,30,0,60,60,0,30,90,8882.775011,8.882775011
3,4,45,90,30,60,0,0,60,30,90,8531.465679,8.531465679
3,4,45,90,60,0,30,30,0,60,90,7378.87914,7.37887914
3,4,45,90,60,30,0,0,30,60,90,7294.683517,7.294683517
3,4.5,35,0,30,60,90,90,60,30,0,10258.14281,10.25814281
3,4.5,35,0,30,90,60,60,90,30,0,11080.20233,11.08020233
3,4.5,35,0,60,30,90,90,30,60,0,10021.08725,10.02108725
3,4.5,35,0,60,90,30,30,90,60,0,10517.55242,10.51755242
3,4.5,35,0,90,30,60,60,30,90,0,10610.18189,10.61018189
3,4.5,35,0,90,60,30,30,60,90,0,10467.97388,10.46797388
3,4.5,35,30,0,60,90,90,60,0,30,10297.25011,10.29725011
3,4.5,35,30,0,90,60,60,90,0,30,11665.05879,11.66505879
3,4.5,35,30,60,0,90,90,0,60,30,9554.963615,9.554963615
3,4.5,35,30,60,90,0,0,90,60,30,10402.00551,10.40200551
3,4.5,35,30,90,0,60,60,0,90,30,12303.37281,12.30337281
3,4.5,35,30,90,60,0,0,60,90,30,11922.18599,11.92218599
3,4.5,35,60,0,30,90,90,30,0,60,9026.767668,9.026767668
3,4.5,35,60,0,90,30,30,90,0,60,9651.185552,9.651185552
3,4.5,35,60,30,0,90,90,0,30,60,8553.99344,8.55399344
3,4.5,35,60,30,90,0,0,90,30,60,9013.18907,9.01318907
3,4.5,35,60,90,0,30,30,0,90,60,9238.50802,9.23850802
3,4.5,35,60,90,30,0,0,30,90,60,8820.524491,8.820524491
3,4.5,35,90,0,30,60,60,30,0,90,9819.43873,9.81943873
3,4.5,35,90,0,60,30,30,60,0,90,9435.551248,9.435551248
3,4.5,35,90,30,0,60,60,0,30,90,10535.51344,10.53551344
3,4.5,35,90,30,60,0,0,60,30,90,10107.02645,10.10702645
3,4.5,35,90,60,0,30,30,0,60,90,8833.061482,8.833061482
3,4.5,35,90,60,30,0,0,30,60,90,8703.464999,8.703464999
3,4.5,40,0,30,60,90,90,60,30,0,9547.039035,9.547039035
3,4.5,40,0,30,90,60,60,90,30,0,10377.80899,10.37780899
3,4.5,40,0,60,30,90,90,30,60,0,9266.23647,9.26623647
3,4.5,40,0,60,90,30,30,90,60,0,9757.489874,9.757489874
3,4.5,40,0,90,30,60,60,30,90,0,9859.676271,9.859676271
3,4.5,40,0,90,60,30,30,60,90,0,9686.622479,9.686622479
3,4.5,40,30,0,60,90,90,60,0,30,9618.859563,9.618859563
3,4.5,40,30,0,90,60,60,90,0,30,10946.95356,10.94695356
3,4.5,40,30,60,0,90,90,0,60,30,8913.68438,8.91368438
3,4.5,40,30,60,90,0,0,90,60,30,9652.138298,9.652138298
3,4.5,40,30,90,0,60,60,0,90,30,11450.80473,11.45080473
3,4.5,40,30,90,60,0,0,60,90,30,11051.86427,11.05186427
3,4.5,40,60,0,30,90,90,30,0,60,8330.977536,8.330977536
3,4.5,40,60,0,90,30,30,90,0,60,8891.555609,8.891555609
3,4.5,40,60,30,0,90,90,0,30,60,7906.33504,7.90633504
3,4.5,40,60,30,90,0,0,90,30,60,8300.34452,8.30034452
3,4.5,40,60,90,0,30,30,0,90,60,8559.424977,8.559424977
3,4.5,40,60,90,30,0,0,30,90,60,8181.812704,8.181812704
3,4.5,40,90,0,30,60,60,30,0,90,9071.647898,9.071647898
3,4.5,40,90,0,60,30,30,60,0,90,8721.240636,8.721240636
3,4.5,40,90,30,0,60,60,0,30,90,9819.53994,9.81953994
3,4.5,40,90,30,60,0,0,60,30,90,9401.070097,9.401070097
3,4.5,40,90,60,0,30,30,0,60,90,8171.845794,8.171845794
3,4.5,40,90,60,30,0,0,30,60,90,8039.82172,8.03982172
3,4.5,45,0,30,60,90,90,60,30,0,8654.500955,8.654500955
3,4.5,45,0,30,90,60,60,90,30,0,9429.926068,9.429926068
3,4.5,45,0,60,30,90,90,30,60,0,8351.351088,8.351351088
3,4.5,45,0,60,90,30,30,90,60,0,8833.699983,8.833699983
3,4.5,45,0,90,30,60,60,30,90,0,8957.646,8.957646
3,4.5,45,0,90,60,30,30,60,90,0,8777.712903,8.777712903
3,4.5,45,30,0,60,90,90,60,0,30,8767.655188,8.767655188
3,4.5,45,30,0,90,60,60,90,0,30,10022.9259,10.0229259
3,4.5,45,30,60,0,90,90,0,60,30,8151.234945,8.151234945
3,4.5,45,30,60,90,0,0,90,60,30,8783.477072,8.783477072
3,4.5,45,30,90,0,60,60,0,90,30,10433.38317,10.43338317
3,4.5,45,30,90,60,0,0,60,90,30,10022.90236,10.02290236
3,4.5,45,60,0,30,90,90,30,0,60,7536.565054,7.536565054
3,4.5,45,60,0,90,30,30,90,0,60,8030.311348,8.030311348
3,4.5,45,60,30,0,90,90,0,30,60,7172.025596,7.172025596
3,4.5,45,60,30,90,0,0,90,30,60,7474.189612,7.474189612
3,4.5,45,60,90,0,30,30,0,90,60,7695.24244,7.69524244
3,4.5,45,60,90,30,0,0,30,90,60,7405.213861,7.405213861
3,4.5,45,90,0,30,60,60,30,0,90,8160.129586,8.160129586
3,4.5,45,90,0,60,30,30,60,0,90,7831.444048,7.831444048
3,4.5,45,90,30,0,60,60,0,30,90,8865.424912,8.865424912
3,4.5,45,90,30,60,0,0,60,30,90,8507.054464,8.507054464
3,4.5,45,90,60,0,30,30,0,60,90,7361.495592,7.361495592
3,4.5,45,90,60,30,0,0,30,60,90,7272.79229,7.27279229
4,3.5,35,0,30,60,90,90,60,30,0,9363.304691,9.363304691
4,3.5,35,0,30,90,60,60,90,30,0,10242.51158,10.24251158
4,3.5,35,0,60,30,90,90,30,60,0,9050.14952,9.05014952
4,3.5,35,0,60,90,30,30,90,60,0,9605.303881,9.605303881
4,3.5,35,0,90,30,60,60,30,90,0,9673.013132,9.673013132
4,3.5,35,0,90,60,30,30,60,90,0,9474.661034,9.474661034
4,3.5,35,30,0,60,90,90,60,0,30,9561.384653,9.561384653
4,3.5,35,30,0,90,60,60,90,0,30,10961.53575,10.96153575
4,3.5,35,30,60,0,90,90,0,60,30,8986.989422,8.986989422
4,3.5,35,30,60,90,0,0,90,60,30,9706.903043,9.706903043
4,3.5,35,30,90,0,60,60,0,90,30,11383.52807,11.38352807
4,3.5,35,30,90,60,0,0,60,90,30,10977.43368,10.97743368
4,3.5,35,60,0,30,90,90,30,0,60,8269.513554,8.269513554
4,3.5,35,60,0,90,30,30,90,0,60,8796.181826,8.796181826
4,3.5,35,60,30,0,90,90,0,30,60,7927.978335,7.927978335
4,3.5,35,60,30,90,0,0,90,30,60,8279.83129,8.27983129
4,3.5,35,60,90,0,30,30,0,90,60,8493.231427,8.493231427
4,3.5,35,60,90,30,0,0,30,90,60,8221.577492,8.221577492
4,3.5,35,90,0,30,60,60,30,0,90,8840.18065,8.84018065
4,3.5,35,90,0,60,30,30,60,0,90,8505.368734,8.505368734
4,3.5,35,90,30,0,60,60,0,30,90,9669.935201,9.669935201
4,3.5,35,90,30,60,0,0,60,30,90,9409.369695,9.409369695
4,3.5,35,90,60,0,30,30,0,60,90,8197.455977,8.197455977
4,3.5,35,90,60,30,0,0,30,60,90,8173.316066,8.173316066
4,3.5,40,0,30,60,90,90,60,30,0,8733.774796,8.733774796
4,3.5,40,0,30,90,60,60,90,30,0,9548.44155,9.54844155
4,3.5,40,0,60,30,90,90,30,60,0,8403.467651,8.403467651
4,3.5,40,0,60,90,30,30,90,60,0,8944.943175,8.944943175
4,3.5,40,0,90,30,60,60,30,90,0,9055.225342,9.055225342
4,3.5,40,0,90,60,30,30,60,90,0,8863.134416,8.863134416
4,3.5,40,30,0,60,90,90,60,0,30,8960.762158,8.960762158
4,3.5,40,30,0,90,60,60,90,0,30,10297.40199,10.29740199
4,3.5,40,30,60,0,90,90,0,60,30,8445.797911,8.445797911
4,3.5,40,30,60,90,0,0,90,60,30,9187.609267,9.187609267
4,3.5,40,30,90,0,60,60,0,90,30,10742.75956,10.74275956
4,3.5,40,30,90,60,0,0,60,90,30,10346.78766,10.34678766
4,3.5,40,60,0,30,90,90,30,0,60,7716.048287,7.716048287
4,3.5,40,60,0,90,30,30,90,0,60,8236.906566,8.236906566
4,3.5,40,60,30,0,90,90,0,30,60,7451.207716,7.451207716
4,3.5,40,60,30,90,0,0,90,30,60,7790.632767,7.790632767
4,3.5,40,60,90,0,30,30,0,90,60,7907.542381,7.907542381
4,3.5,40,60,90,30,0,0,30,90,60,7632.017115,7.632017115
4,3.5,40,90,0,30,60,60,30,0,90,8231.341377,8.231341377
4,3.5,40,90,0,60,30,30,60,0,90,7911.014597,7.911014597
4,3.5,40,90,30,0,60,60,0,30,90,9029.577128,9.029577128
4,3.5,40,90,30,60,0,0,60,30,90,8752.930077,8.752930077
4,3.5,40,90,60,0,30,30,0,60,90,7589.341757,7.589341757
4,3.5,40,90,60,30,0,0,30,60,90,7569.514802,7.569514802
4,3.5,45,0,30,60,90,90,60,30,0,7941.280992,7.941280992
4,3.5,45,0,30,90,60,60,90,30,0,8654.02252,8.65402252
4,3.5,45,0,60,30,90,90,30,60,0,7607.406917,7.607406917
4,3.5,45,0,60,90,30,30,90,60,0,8095.179604,8.095179604
4,3.5,45,0,90,30,60,60,30,90,0,8216.019645,8.216019645
4,3.5,45,0,90,60,30,30,60,90,0,8052.323339,8.052323339
4,3.5,45,30,0,60,90,90,60,0,30,8181.336675,8.181336675
4,3.5,45,30,0,90,60,60,90,0,30,9387.78515,9.38778515
4,3.5,45,30,60,0,90,90,0,60,30,7705.946953,7.705946953
4,3.5,45,30,60,90,0,0,90,60,30,8470.344563,8.470344563
4,3.5,45,30,90,0,60,60,0,90,30,9864.867794,9.864867794
4,3.5,45,30,90,60,0,0,60,90,30,9544.295945,9.544295945
4,3.5,45,60,0,30,90,90,30,0,60,6994.816589,6.994816589
4,3.5,45,60,0,90,30,30,90,0,60,7500.345179,7.500345179
4,3.5,45,60,30,0,90,90,0,30,60,6797.272181,6.797272181
4,3.5,45,60,30,90,0,0,90,30,60,7190.866195,7.190866195
4,3.5,45,60,90,0,30,30,0,90,60,7210.122593,7.210122593
4,3.5,45,60,90,30,0,0,30,90,60,6930.266689,6.930266689
4,3.5,45,90,0,30,60,60,30,0,90,7475.301126,7.475301126
4,3.5,45,90,0,60,30,30,60,0,90,7186.184123,7.186184123
4,3.5,45,90,30,0,60,60,0,30,90,8231.283482,8.231283482
4,3.5,45,90,30,60,0,0,60,30,90,7936.697332,7.936697332
4,3.5,45,90,60,0,30,30,0,60,90,6839.210455,6.839210455
4,3.5,45,90,60,30,0,0,30,60,90,6804.791929,6.804791929
4,4,35,0,30,60,90,90,60,30,0,9377.657745,9.377657745
4,4,35,0,30,90,60,60,90,30,0,10258.01194,10.25801194
4,4,35,0,60,30,90,90,30,60,0,9083.668271,9.083668271
4,4,35,0,60,90,30,30,90,60,0,9628.155622,9.628155622
4,4,35,0,90,30,60,60,30,90,0,9685.680504,9.685680504
4,4,35,0,90,60,30,30,60,90,0,9489.533652,9.489533652
4,4,35,30,0,60,90,90,60,0,30,9566.561935,9.566561935
4,4,35,30,0,90,60,60,90,0,30,10959.0915,10.9590915
4,4,35,30,60,0,90,90,0,60,30,8987.030333,8.987030333
4,4,35,30,60,90,0,0,90,60,30,9697.564679,9.697564679
4,4,35,30,90,0,60,60,0,90,30,11373.40466,11.37340466
4,4,35,30,90,60,0,0,60,90,30,10960.8497,10.9608497
4,4,35,60,0,30,90,90,30,0,60,8288.358219,8.288358219
4,4,35,60,0,90,30,30,90,0,60,8812.105006,8.812105006
4,4,35,60,30,0,90,90,0,30,60,7936.330041,7.936330041
4,4,35,60,30,90,0,0,90,30,60,8271.953299,8.271953299
4,4,35,60,90,0,30,30,0,90,60,8484.702001,8.484702001
4,4,35,60,90,30,0,0,30,90,60,8200.258876,8.200258876
4,4,35,90,0,30,60,60,30,0,90,8855.969641,8.855969641
4,4,35,90,0,60,30,30,60,0,90,8519.380014,8.519380014
4,4,35,90,30,0,60,60,0,30,90,9668.244183,9.668244183
4,4,35,90,30,60,0,0,60,30,90,9394.225112,9.394225112
4,4,35,90,60,0,30,30,0,60,90,8189.019843,8.189019843
4,4,35,90,60,30,0,0,30,60,90,8153.838156,8.153838156
4,4,40,0,30,60,90,90,60,30,0,8755.928056,8.755928056
4,4,40,0,30,90,60,60,90,30,0,9576.014876,9.576014876
4,4,40,0,60,30,90,90,30,60,0,8444.699559,8.444699559
4,4,40,0,60,90,30,30,90,60,0,8981.456149,8.981456149
4,4,40,0,90,30,60,60,30,90,0,9079.977998,9.079977998
4,4,40,0,90,60,30,30,60,90,0,8885.786002,8.885786002
4,4,40,30,0,60,90,90,60,0,30,8973.107152,8.973107152
4,4,40,30,0,90,60,60,90,0,30,10304.8215,10.3048215
4,4,40,30,60,0,90,90,0,60,30,8451.94423,8.45194423
4,4,40,30,60,90,0,0,90,60,30,9182.32187,9.18232187
4,4,40,30,90,0,60,60,0,90,30,10735.02129,10.73502129
4,4,40,30,90,60,0,0,60,90,30,10334.85162,10.33485162
4,4,40,60,0,30,90,90,30,0,60,7743.009881,7.743009881
4,4,40,60,0,90,30,30,90,0,60,8256.070456,8.256070456
4,4,40,60,30,0,90,90,0,30,60,7462.417567,7.462417567
4,4,40,60,30,90,0,0,90,30,60,7787.683557,7.787683557
4,4,40,60,90,0,30,30,0,90,60,7900.809536,7.900809536
4,4,40,60,90,30,0,0,30,90,60,7612.141901,7.612141901
4,4,40,90,0,30,60,60,30,0,90,8251.703652,8.251703652
4,4,40,90,0,60,30,30,60,0,90,7928.860613,7.928860613
4,4,40,90,30,0,60,60,0,30,90,9029.403304,9.029403304
4,4,40,90,30,60,0,0,60,30,90,8737.134013,8.737134013
4,4,40,90,60,0,30,30,0,60,90,7578.310915,7.578310915
4,4,40,90,60,30,0,0,30,60,90,7547.321707,7.547321707
4,4,45,0,30,60,90,90,60,30,0,7972.608589,7.972608589
4,4,45,0,30,90,60,60,90,30,0,8691.883721,8.691883721
4,4,45,0,60,30,90,90,30,60,0,7659.465303,7.659465303
4,4,45,0,60,90,30,30,90,60,0,8145.4167,8.1454167
4,4,45,0,90,30,60,60,30,90,0,8257.040956,8.257040956
4,4,45,0,90,60,30,30,60,90,0,8088.262919,8.088262919
4,4,45,30,0,60,90,90,60,0,30,8202.661968,8.202661968
4,4,45,30,0,90,60,60,90,0,30,9407.479791,9.407479791
4,4,45,30,60,0,90,90,0,60,30,7722.943765,7.722943765
4,4,45,30,60,90,0,0,90,60,30,8476.138056,8.476138056
4,4,45,30,90,0,60,60,0,90,30,9871.734315,9.871734315
4,4,45,30,90,60,0,0,60,90,30,9544.856728,9.544856728
4,4,45,60,0,30,90,90,30,0,60,7034.372439,7.034372439
4,4,45,60,0,90,30,30,90,0,60,7531.083311,7.531083311
4,4,45,60,30,0,90,90,0,30,60,6818.673227,6.818673227
4,4,45,60,30,90,0,0,90,30,60,7200.83112,7.20083112
4,4,45,60,90,0,30,30,0,90,60,7213.400487,7.213400487
4,4,45,60,90,30,0,0,30,90,60,6919.805773,6.919805773
4,4,45,90,0,30,60,60,30,0,90,7508.767316,7.508767316
4,4,45,90,0,60,30,30,60,0,90,7216.522723,7.216522723
4,4,45,90,30,0,60,60,0,30,90,8241.657809,8.241657809
4,4,45,90,30,60,0,0,60,30,90,7926.51267,7.92651267
4,4,45,90,60,0,30,30,0,60,90,6832.113292,6.832113292
4,4,45,90,60,30,0,0,30,60,90,6787.922572,6.787922572
4,4.5,35,0,30,60,90,90,60,30,0,9393.093197,9.393093197
4,4.5,35,0,30,90,60,60,90,30,0,10272.99048,10.27299048
4,4.5,35,0,60,30,90,90,30,60,0,9121.791254,9.121791254
4,4.5,35,0,60,90,30,30,90,60,0,9651.56815,9.65156815
4,4.5,35,0,90,30,60,60,30,90,0,9699.506961,9.699506961
4,4.5,35,0,90,60,30,30,60,90,0,9506.544052,9.506544052
4,4.5,35,30,0,60,90,90,60,0,30,9570.590319,9.570590319
4,4.5,35,30,0,90,60,60,90,0,30,10953.35286,10.95335286
4,4.5,35,30,60,0,90,90,0,60,30,8985.164136,8.985164136
4,4.5,35,30,60,90,0,0,90,60,30,9685.930277,9.685930277
4,4.5,35,30,90,0,60,60,0,90,30,11360.38441,11.36038441
4,4.5,35,30,90,60,0,0,60,90,30,10940.3446,10.9403446
4,4.5,35,60,0,30,90,90,30,0,60,8308.517939,8.308517939
4,4.5,35,60,0,90,30,30,90,0,60,8828.321101,8.828321101
4,4.5,35,60,30,0,90,90,0,30,60,7944.645165,7.944645165
4,4.5,35,60,30,90,0,0,90,30,60,8261.19117,8.26119117
4,4.5,35,60,90,0,30,30,0,90,60,8471.800923,8.471800923
4,4.5,35,60,90,30,0,0,30,90,60,8172.565994,8.172565994
4,4.5,35,90,0,30,60,60,30,0,90,8873.473881,8.873473881
4,4.5,35,90,0,60,30,30,60,0,90,8534.220307,8.534220307
4,4.5,35,90,30,0,60,60,0,30,90,9664.537451,9.664537451
4,4.5,35,90,30,60,0,0,60,30,90,9374.115866,9.374115866
4,4.5,35,90,60,0,30,30,0,60,90,8176.182787,8.176182787
4,4.5,35,90,60,30,0,0,30,60,90,8128.540982,8.128540982
4,4.5,40,0,30,60,90,90,60,30,0,8780.666309,8.780666309
4,4.5,40,0,30,90,60,60,90,30,0,9604.384887,9.604384887
4,4.5,40,0,60,30,90,90,30,60,0,8492.607254,8.492607254
4,4.5,40,0,60,90,30,30,90,60,0,9021.39087,9.02139087
4,4.5,40,0,90,30,60,60,30,90,0,9105.818282,9.105818282
4,4.5,40,0,90,60,30,30,60,90,0,8912.677431,8.912677431
4,4.5,40,30,0,60,90,90,60,0,30,8985.663141,8.985663141
4,4.5,40,30,0,90,60,60,90,0,30,10309.66148,10.30966148
4,4.5,40,30,60,0,90,90,0,60,30,8458.660898,8.458660898
4,4.5,40,30,60,90,0,0,90,60,30,9180.115353,9.180115353
4,4.5,40,30,90,0,60,60,0,90,30,10731.60704,10.73160704
4,4.5,40,30,90,60,0,0,60,90,30,10324.06271,10.32406271
4,4.5,40,60,0,30,90,90,30,0,60,7776.008611,7.776008611
4,4.5,40,60,0,90,30,30,90,0,60,8282.903367,8.282903367
4,4.5,40,60,30,0,90,90,0,30,60,7479.333387,7.479333387
4,4.5,40,60,30,90,0,0,90,30,60,7787.838252,7.787838252
4,4.5,40,60,90,0,30,30,0,90,60,7896.038958,7.896038958
4,4.5,40,60,90,30,0,0,30,90,60,7591.417713,7.591417713
4,4.5,40,90,0,30,60,60,30,0,90,8279.809579,8.279809579
4,4.5,40,90,0,60,30,30,60,0,90,7953.707227,7.953707227
4,4.5,40,90,30,0,60,60,0,30,90,9032.299988,9.032299988
4,4.5,40,90,30,60,0,0,60,30,90,8718.935408,8.718935408
4,4.5,40,90,60,0,30,30,0,60,90,7566.991586,7.566991586
4,4.5,40,90,60,30,0,0,30,60,90,7523.696003,7.523696003
4,4.5,45,0,30,60,90,90,60,30,0,8009.092241,8.009092241
4,4.5,45,0,30,90,60,60,90,30,0,8734.102283,8.734102283
4,4.5,45,0,60,30,90,90,30,60,0,7717.766275,7.717766275
4,4.5,45,0,60,90,30,30,90,60,0,8199.708958,8.199708958
4,4.5,45,0,90,30,60,60,30,90,0,8301.928853,8.301928853
4,4.5,45,0,90,60,30,30,60,90,0,8130.091522,8.130091522
4,4.5,45,30,0,60,90,90,60,0,30,8226.898448,8.226898448
4,4.5,45,30,0,90,60,60,90,0,30,9427.014021,9.427014021
4,4.5,45,30,60,0,90,90,0,60,30,7739.080493,7.739080493
4,4.5,45,30,60,90,0,0,90,60,30,8483.000207,8.483000207
4,4.5,45,30,90,0,60,60,0,90,30,9879.222903,9.879222903
4,4.5,45,30,90,60,0,0,60,90,30,9549.231641,9.549231641
4,4.5,45,60,0,30,90,90,30,0,60,7078.05913,7.07805913
4,4.5,45,60,0,90,30,30,90,0,60,7568.033512,7.568033512
4,4.5,45,60,30,0,90,90,0,30,60,6842.937351,6.842937351
4,4.5,45,60,30,90,0,0,90,30,60,7214.907549,7.214907549
4,4.5,45,60,90,0,30,30,0,90,60,7219.283386,7.219283386
4,4.5,45,60,90,30,0,0,30,90,60,6910.513727,6.910513727
4,4.5,45,90,0,30,60,60,30,0,90,7551.49358,7.55149358
4,4.5,45,90,0,60,30,30,60,0,90,7256.048111,7.256048111
4,4.5,45,90,30,0,60,60,0,30,90,8256.755515,8.256755515
4,4.5,45,90,30,60,0,0,60,30,90,7918.434004,7.918434004
4,4.5,45,90,60,0,30,30,0,60,90,6826.754407,6.826754407
4,4.5,45,90,60,30,0,0,30,60,90,6771.463721,6.771463721
5,3.5,35,0,30,60,90,90,60,30,0,9072.044454,9.072044454
5,3.5,35,0,30,90,60,60,90,30,0,9929.289769,9.929289769
5,3.5,35,0,60,30,90,90,30,60,0,8759.296565,8.759296565
5,3.5,35,0,60,90,30,30,90,60,0,9300.082939,9.300082939
5,3.5,35,0,90,30,60,60,30,90,0,9349.057493,9.349057493
5,3.5,35,0,90,60,30,30,60,90,0,9142.538944,9.142538944
5,3.5,35,30,0,60,90,90,60,0,30,9343.535472,9.343535472
5,3.5,35,30,0,90,60,60,90,0,30,10722.47082,10.72247082
5,3.5,35,30,60,0,90,90,0,60,30,8810.486035,8.810486035
5,3.5,35,30,60,90,0,0,90,60,30,9611.873012,9.611873012
5,3.5,35,30,90,0,60,60,0,90,30,11210.87485,11.21087485
5,3.5,35,30,90,60,0,0,60,90,30,10881.8811,10.8818811
5,3.5,35,60,0,30,90,90,30,0,60,8032.139364,8.032139364
5,3.5,35,60,0,90,30,30,90,0,60,8556.508651,8.556508651
5,3.5,35,60,30,0,90,90,0,30,60,7762.027653,7.762027653
5,3.5,35,60,30,90,0,0,90,30,60,8225.317885,8.225317885
5,3.5,35,60,90,0,30,30,0,90,60,8381.038063,8.381038063
5,3.5,35,60,90,30,0,0,30,90,60,8132.065242,8.132065242
5,3.5,35,90,0,30,60,60,30,0,90,8556.364684,8.556364684
5,3.5,35,90,0,60,30,30,60,0,90,8248.679019,8.248679019
5,3.5,35,90,30,0,60,60,0,30,90,9463.269906,9.463269906
5,3.5,35,90,30,60,0,0,60,30,90,9247.168163,9.247168163
5,3.5,35,90,60,0,30,30,0,60,90,8026.437962,8.026437962
5,3.5,35,90,60,30,0,0,30,60,90,7995.047913,7.995047913
5,3.5,40,0,30,60,90,90,60,30,0,8285.136776,8.285136776
5,3.5,40,0,30,90,60,60,90,30,0,9026.552536,9.026552536
5,3.5,40,0,60,30,90,90,30,60,0,7963.071816,7.963071816
5,3.5,40,0,60,90,30,30,90,60,0,8447.102684,8.447102684
5,3.5,40,0,90,30,60,60,30,90,0,8497.009175,8.497009175
5,3.5,40,0,90,60,30,30,60,90,0,8307.481647,8.307481647
5,3.5,40,30,0,60,90,90,60,0,30,8590.539025,8.590539025
5,3.5,40,30,0,90,60,60,90,0,30,9831.771162,9.831771162
5,3.5,40,30,60,0,90,90,0,60,30,8100.682056,8.100682056
5,3.5,40,30,60,90,0,0,90,60,30,8830.072495,8.830072495
5,3.5,40,30,90,0,60,60,0,90,30,10273.71777,10.27371777
5,3.5,40,30,90,60,0,0,60,90,30,9990.315562,9.990315562
5,3.5,40,60,0,30,90,90,30,0,60,7328.375254,7.328375254
5,3.5,40,60,0,90,30,30,90,0,60,7798.761051,7.798761051
5,3.5,40,60,30,0,90,90,0,30,60,7105.652825,7.105652825
5,3.5,40,60,30,90,0,0,90,30,60,7520.751545,7.520751545
5,3.5,40,60,90,0,30,30,0,90,60,7666.404189,7.666404189
5,3.5,40,60,90,30,0,0,30,90,60,7553.415841,7.553415841
5,3.5,40,90,0,30,60,60,30,0,90,7744.033091,7.744033091
5,3.5,40,90,0,60,30,30,60,0,90,7468.377941,7.468377941
5,3.5,40,90,30,0,60,60,0,30,90,8627.632898,8.627632898
5,3.5,40,90,30,60,0,0,60,30,90,8508.890421,8.508890421
5,3.5,40,90,60,0,30,30,0,60,90,7383.862689,7.383862689
5,3.5,40,90,60,30,0,0,30,60,90,7371.431955,7.371431955
5,3.5,45,0,30,60,90,90,60,30,0,7445.835213,7.445835213
5,3.5,45,0,30,90,60,60,90,30,0,8120.218515,8.120218515
5,3.5,45,0,60,30,90,90,30,60,0,7191.651968,7.191651968
5,3.5,45,0,60,90,30,30,90,60,0,7669.807092,7.669807092
5,3.5,45,0,90,30,60,60,30,90,0,7692.52909,7.69252909
5,3.5,45,0,90,60,30,30,60,90,0,7512.15181,7.51215181
5,3.5,45,30,0,60,90,90,60,0,30,7812.860906,7.812860906
5,3.5,45,30,0,90,60,60,90,0,30,8950.713899,8.950713899
5,3.5,45,30,60,0,90,90,0,60,30,7420.619607,7.420619607
5,3.5,45,30,60,90,0,0,90,60,30,7980.148564,7.980148564
5,3.5,45,30,90,0,60,60,0,90,30,9225.248166,9.225248166
5,3.5,45,30,90,60,0,0,60,90,30,8951.479246,8.951479246
5,3.5,45,60,0,30,90,90,30,0,60,6687.899432,6.687899432
5,3.5,45,60,0,90,30,30,90,0,60,7044.561205,7.044561205
5,3.5,45,60,30,0,90,90,0,30,60,6447.954415,6.447954415
5,3.5,45,60,30,90,0,0,90,30,60,6748.482413,6.748482413
5,3.5,45,60,90,0,30,30,0,90,60,6835.145464,6.835145464
5,3.5,45,60,90,30,0,0,30,90,60,6737.633505,6.737633505
5,3.5,45,90,0,30,60,60,30,0,90,6891.945984,6.891945984
5,3.5,45,90,0,60,30,30,60,0,90,6635.546042,6.635546042
5,3.5,45,90,30,0,60,60,0,30,90,7675.066614,7.675066614
5,3.5,45,90,30,60,0,0,60,30,90,7575.597699,7.575597699
5,3.5,45,90,60,0,30,30,0,60,90,6578.404482,6.578404482
5,3.5,45,90,60,30,0,0,30,60,90,6698.821657,6.698821657
5,4,35,0,30,60,90,90,60,30,0,9883.00687,9.88300687
5,4,35,0,30,90,60,60,90,30,0,10804.9294,10.8049294
5,4,35,0,60,30,90,90,30,60,0,9635.61884,9.63561884
5,4,35,0,60,90,30,30,90,60,0,10141.76961,10.14176961
5,4,35,0,90,30,60,60,30,90,0,10145.243,10.145243
5,4,35,0,90,60,30,30,60,90,0,9959.340356,9.959340356
5,4,35,30,0,60,90,90,60,0,30,10081.64195,10.08164195
5,4,35,30,0,90,60,60,90,0,30,11509.97968,11.50997968
5,4,35,30,60,0,90,90,0,60,30,9470.464762,9.470464762
5,4,35,30,60,90,0,0,90,60,30,10267.87967,10.26787967
5,4,35,30,90,0,60,60,0,90,30,11995.61375,11.99561375
5,4,35,30,90,60,0,0,60,90,30,11607.22543,11.60722543
5,4,35,60,0,30,90,90,30,0,60,8759.972441,8.759972441
5,4,35,60,0,90,30,30,90,0,60,9320.788948,9.320788948
5,4,35,60,30,0,90,90,0,30,60,8397.719248,8.397719248
5,4,35,60,30,90,0,0,90,30,60,8824.667104,8.824667104
5,4,35,60,90,0,30,30,0,90,60,9044.711935,9.044711935
5,4,35,60,90,30,0,0,30,90,60,8749.539741,8.749539741
5,4,35,90,0,30,60,60,30,0,90,9383.532628,9.383532628
5,4,35,90,0,60,30,30,60,0,90,9037.114508,9.037114508
5,4,35,90,30,0,60,60,0,30,90,10233.96302,10.23396302
5,4,35,90,30,60,0,0,60,30,90,9974.982071,9.974982071
5,4,35,90,60,0,30,30,0,60,90,8730.831531,8.730831531
5,4,35,90,60,30,0,0,30,60,90,8717.905544,8.717905544
5,4,40,0,30,60,90,90,60,30,0,8342.133941,8.342133941
5,4,40,0,30,90,60,60,90,30,0,9092.602511,9.092602511
5,4,40,0,60,30,90,90,30,60,0,8051.689312,8.051689312
5,4,40,0,60,90,30,30,90,60,0,8522.537989,8.522537989
5,4,40,0,90,30,60,60,30,90,0,8552.188239,8.552188239
5,4,40,0,90,60,30,30,60,90,0,8362.007681,8.362007681
5,4,40,30,0,60,90,90,60,0,30,8630.564305,8.630564305
5,4,40,30,0,90,60,60,90,0,30,9864.487896,9.864487896
5,4,40,30,60,0,90,90,0,60,30,8126.775509,8.126775509
5,4,40,30,60,90,0,0,90,60,30,8832.556312,8.832556312
5,4,40,30,90,0,60,60,0,90,30,10284.25062,10.28425062
5,4,40,30,90,60,0,0,60,90,30,9993.448946,9.993448946
5,4,40,60,0,30,90,90,30,0,60,7386.145122,7.386145122
5,4,40,60,0,90,30,30,90,0,60,7847.402052,7.847402052
5,4,40,60,30,0,90,90,0,30,60,7135.230119,7.135230119
5,4,40,60,30,90,0,0,90,30,60,7534.072423,7.534072423
5,4,40,60,90,0,30,30,0,90,60,7697.926855,7.697926855
5,4,40,60,90,30,0,0,30,90,60,7576.467146,7.576467146
5,4,40,90,0,30,60,60,30,0,90,7805.452443,7.805452443
5,4,40,90,0,60,30,30,60,0,90,7528.826003,7.528826003
5,4,40,90,30,0,60,60,0,30,90,8667.365226,8.667365226
5,4,40,90,30,60,0,0,60,30,90,8539.210541,8.539210541
5,4,40,90,60,0,30,30,0,60,90,7427.568307,7.427568307
5,4,40,90,60,30,0,0,30,60,90,7375.7585,7.3757585
5,4,45,0,30,60,90,90,60,30,0,7499.002459,7.499002459
5,4,45,0,30,90,60,60,90,30,0,8197.18864,8.19718864
5,4,45,0,60,30,90,90,30,60,0,7286.568112,7.286568112
5,4,45,0,60,90,30,30,90,60,0,7764.325886,7.764325886
5,4,45,0,90,30,60,60,30,90,0,7756.800523,7.756800523
5,4,45,0,90,60,30,30,60,90,0,7568.571775,7.568571775
5,4,45,30,0,60,90,90,60,0,30,7861.571287,7.861571287
5,4,45,30,0,90,60,60,90,0,30,9005.747386,9.005747386
5,4,45,30,60,0,90,90,0,60,30,7454.164076,7.454164076
5,4,45,30,60,90,0,0,90,60,30,7988.589246,7.988589246
5,4,45,30,90,0,60,60,0,90,30,9242.598447,9.242598447
5,4,45,30,90,60,0,0,60,90,30,8962.111229,8.962111229
5,4,45,60,0,30,90,90,30,0,60,6745.712973,6.745712973
5,4,45,60,0,90,30,30,90,0,60,7089.078479,7.089078479
5,4,45,60,30,0,90,90,0,30,60,6476.736397,6.476736397
5,4,45,60,30,90,0,0,90,30,60,6764.303159,6.764303159
5,4,45,60,90,0,30,30,0,90,60,6865.230897,6.865230897
5,4,45,60,90,30,0,0,30,90,60,6757.749672,6.757749672
5,4,45,90,0,30,60,60,30,0,90,6945.875483,6.945875483
5,4,45,90,0,60,30,30,60,0,90,6688.889893,6.688889893
5,4,45,90,30,0,60,60,0,30,90,7714.672226,7.714672226
5,4,45,90,30,60,0,0,60,30,90,7606.032567,7.606032567
5,4,45,90,60,0,30,30,0,60,90,6614.295522,6.614295522
5,4,45,90,60,30,0,0,30,60,90,6719.320804,6.719320804
5,4.5,35,0,30,60,90,90,60,30,0,9152.412544,9.152412544
5,4.5,35,0,30,90,60,60,90,30,0,10014.08234,10.01408234
5,4.5,35,0,60,30,90,90,30,60,0,8897.701504,8.897701504
5,4.5,35,0,60,90,30,30,90,60,0,9399.044221,9.399044221
5,4.5,35,0,90,30,60,60,30,90,0,9421.215472,9.421215472
5,4.5,35,0,90,60,30,30,60,90,0,9226.731741,9.226731741
5,4.5,35,30,0,60,90,90,60,0,30,9387.880601,9.387880601
5,4.5,35,30,0,90,60,60,90,0,30,10740.8457,10.7408457
5,4.5,35,30,60,0,90,90,0,60,30,8830.809285,8.830809285
5,4.5,35,30,60,90,0,0,90,60,30,9602.99995,9.60299995
5,4.5,35,30,90,0,60,60,0,90,30,11213.26974,11.21326974
5,4.5,35,30,90,60,0,0,60,90,30,10876.31036,10.87631036
5,4.5,35,60,0,30,90,90,30,0,60,8119.281482,8.119281482
5,4.5,35,60,0,90,30,30,90,0,60,8640.069105,8.640069105
5,4.5,35,60,30,0,90,90,0,30,60,7808.226648,7.808226648
5,4.5,35,60,30,90,0,0,90,30,60,8245.922666,8.245922666
5,4.5,35,60,90,0,30,30,0,90,60,8428.165358,8.428165358
5,4.5,35,60,90,30,0,0,30,90,60,8133.743191,8.133743191
5,4.5,35,90,0,30,60,60,30,0,90,8669.279969,8.669279969
5,4.5,35,90,0,60,30,30,60,0,90,8356.705793,8.356705793
5,4.5,35,90,30,0,60,60,0,30,90,9521.285875,9.521285875
5,4.5,35,90,30,60,0,0,60,30,90,9265.124816,9.265124816
5,4.5,35,90,60,0,30,30,0,60,90,8060.378571,8.060378571
5,4.5,35,90,60,30,0,0,30,60,90,7966.688779,7.966688779
5,4.5,40,0,30,60,90,90,60,30,0,8392.550168,8.392550168
5,4.5,40,0,30,90,60,60,90,30,0,9147.913607,9.147913607
5,4.5,40,0,60,30,90,90,30,60,0,8125.767456,8.125767456
5,4.5,40,0,60,90,30,30,90,60,0,8580.268796,8.580268796
5,4.5,40,0,90,30,60,60,30,90,0,8594.663025,8.594663025
5,4.5,40,0,90,60,30,30,60,90,0,8407.485946,8.407485946
5,4.5,40,30,0,60,90,90,60,0,30,8664.376396,8.664376396
5,4.5,40,30,0,90,60,60,90,0,30,9888.787758,9.888787758
5,4.5,40,30,60,0,90,90,0,60,30,8146.346202,8.146346202
5,4.5,40,30,60,90,0,0,90,60,30,8832.579183,8.832579183
5,4.5,40,30,90,0,60,60,0,90,30,10291.47906,10.29147906
5,4.5,40,30,90,60,0,0,60,90,30,9994.573069,9.994573069
5,4.5,40,60,0,30,90,90,30,0,60,7433.755579,7.433755579
5,4.5,40,60,0,90,30,30,90,0,60,7890.250984,7.890250984
5,4.5,40,60,30,0,90,90,0,30,60,7160.853702,7.160853702
5,4.5,40,60,30,90,0,0,90,30,60,7544.090515,7.544090515
5,4.5,40,60,90,0,30,30,0,90,60,7725.816371,7.725816371
5,4.5,40,60,90,30,0,0,30,90,60,7592.927527,7.592927527
5,4.5,40,90,0,30,60,60,30,0,90,7863.237106,7.863237106
5,4.5,40,90,0,60,30,30,60,0,90,7586.90163,7.58690163
5,4.5,40,90,30,0,60,60,0,30,90,8703.33099,8.70333099
5,4.5,40,90,30,60,0,0,60,30,90,8564.82319,8.56482319
5,4.5,40,90,60,0,30,30,0,60,90,7467.688401,7.467688401
5,4.5,40,90,60,30,0,0,30,60,90,7379.105513,7.379105513
5,4.5,45,0,30,60,90,90,60,30,0,7551.10483,7.55110483
5,4.5,45,0,30,90,60,60,90,30,0,8270.460474,8.270460474
5,4.5,45,0,60,30,90,90,30,60,0,7378.718657,7.378718657
5,4.5,45,0,60,90,30,30,90,60,0,7843.194927,7.843194927
5,4.5,45,0,90,30,60,60,30,90,0,7804.444985,7.804444985
5,4.5,45,0,90,60,30,30,60,90,0,7614.180112,7.614180112
5,4.5,45,30,0,60,90,90,60,0,30,7907.983025,7.907983025
5,4.5,45,30,0,90,60,60,90,0,30,9052.361095,9.052361095
5,4.5,45,30,60,0,90,90,0,60,30,7478.676119,7.478676119
5,4.5,45,30,60,90,0,0,90,60,30,7993.139191,7.993139191
5,4.5,45,30,90,0,60,60,0,90,30,9254.585296,9.254585296
5,4.5,45,30,90,60,0,0,60,90,30,8968.424928,8.968424928
5,4.5,45,60,0,30,90,90,30,0,60,6791.076055,6.791076055
5,4.5,45,60,0,90,30,30,90,0,60,7127.735429,7.127735429
5,4.5,45,60,30,0,90,90,0,30,60,6499.900803,6.499900803
5,4.5,45,60,30,90,0,0,90,30,60,6775.448658,6.775448658
5,4.5,45,60,90,0,30,30,0,90,60,6890.35545,6.89035545
5,4.5,45,60,90,30,0,0,30,90,60,6772.274502,6.772274502
5,4.5,45,90,0,30,60,60,30,0,90,6994.810185,6.994810185
5,4.5,45,90,0,60,30,30,60,0,90,6738.047592,6.738047592
5,4.5,45,90,30,0,60,60,0,30,90,7749.142036,7.749142036
5,4.5,45,90,30,60,0,0,60,30,90,7630.960773,7.630960773
5,4.5,45,90,60,0,30,30,0,60,90,6644.909735,6.644909735
5,4.5,45,90,60,30,0,0,30,60,90,6730.608895,6.730608895
